{
  "meta": {
    "label": "r15_proxy",
    "backend": "onnxruntime-cuda",
    "model": "decode_proxy_fp16.onnx",
    "hz": 8.0,
    "period_us": 125000.0,
    "deadline_us": 125000.0,
    "iters": 480,
    "warmup": 50,
    "cpu": 5,
    "prio": 80,
    "mlock": true,
    "host": "jetson-orin",
    "kernel": "5.15.185-tegra",
    "python": "3.10.12",
    "timestamp": "2026-06-12T04:17:52.515147+00:00",
    "rt_warnings": []
  },
  "deadline_miss_count": 0,
  "deadline_miss_rate": 0.0,
  "response_us": {
    "p50": 7232.357,
    "p90": 7279.6564,
    "p99": 7420.49101,
    "p99.9": 7571.493162000002,
    "p99.99": 7579.5642161999995,
    "mean": 7242.9721666666655,
    "std": 41.64029086660605,
    "min": 7196.72,
    "max": 7580.461
  },
  "compute_us": {
    "p50": 7213.8585,
    "p90": 7256.6248000000005,
    "p99": 7376.93329,
    "p99.9": 7502.219480000001,
    "p99.99": 7505.185448,
    "mean": 7223.153429166666,
    "std": 36.008920698024944,
    "min": 7183.938,
    "max": 7505.515
  },
  "release_jitter_us": {
    "p50": 19.2065,
    "p90": 24.069000000000003,
    "p99": 49.67333999999993,
    "p99.9": 69.27368200000085,
    "p99.99": 74.37876819999968,
    "mean": 19.818737499999997,
    "std": 6.336808957216591,
    "min": 11.376,
    "max": 74.946
  }
}