{
  "meta": {
    "label": "r15_mobilenet",
    "backend": "onnxruntime-cuda",
    "model": "mobilenetv2-12.onnx",
    "hz": 8.0,
    "period_us": 125000.0,
    "deadline_us": 125000.0,
    "iters": 480,
    "warmup": 50,
    "cpu": 5,
    "prio": 80,
    "mlock": true,
    "host": "jetson-orin",
    "kernel": "5.15.185-tegra",
    "python": "3.10.12",
    "timestamp": "2026-06-12T04:16:49.874505+00:00",
    "rt_warnings": []
  },
  "deadline_miss_count": 0,
  "deadline_miss_rate": 0.0,
  "response_us": {
    "p50": 6599.8355,
    "p90": 6708.9257,
    "p99": 6849.0772799999995,
    "p99.9": 7043.119714000016,
    "p99.99": 7136.2519713999945,
    "mean": 6619.475447916667,
    "std": 64.61266323121669,
    "min": 6545.594,
    "max": 7146.6
  },
  "compute_us": {
    "p50": 6578.690500000001,
    "p90": 6677.989,
    "p99": 6812.1424400000005,
    "p99.9": 6984.015398000014,
    "p99.99": 7067.4927397999945,
    "mean": 6597.828441666667,
    "std": 59.743237983480306,
    "min": 6528.593,
    "max": 7076.768
  },
  "release_jitter_us": {
    "p50": 21.235999999999997,
    "p90": 27.983,
    "p99": 40.12143999999999,
    "p99.9": 59.1043160000016,
    "p99.99": 68.7592315999994,
    "mean": 21.64700625,
    "std": 5.667250073702201,
    "min": 12.275,
    "max": 69.832
  }
}