{
  "meta": {
    "label": "mobilenet",
    "backend": "onnxruntime-cuda",
    "model": "mobilenetv2-12.onnx",
    "hz": 8.0,
    "period_us": 125000.0,
    "deadline_us": 125000.0,
    "iters": 1500,
    "warmup": 50,
    "cpu": 5,
    "prio": 80,
    "mlock": true,
    "host": "jetson-orin",
    "kernel": "5.15.185-tegra",
    "python": "3.10.12",
    "timestamp": "2026-06-12T00:08:54.720979+00:00",
    "rt_warnings": []
  },
  "deadline_miss_count": 0,
  "deadline_miss_rate": 0.0,
  "response_us": {
    "p50": 4753.952499999999,
    "p90": 4796.5199,
    "p99": 4914.32791,
    "p99.9": 5374.855119000002,
    "p99.99": 5383.141277499999,
    "mean": 4762.425041333333,
    "std": 51.96455495116799,
    "min": 4693.979,
    "max": 5383.932
  },
  "compute_us": {
    "p50": 4735.609,
    "p90": 4773.9789,
    "p99": 4885.77877,
    "p99.9": 5307.666048000002,
    "p99.99": 5314.0673632,
    "mean": 4743.315914666667,
    "std": 48.047009552278254,
    "min": 4680.119,
    "max": 5314.312
  },
  "release_jitter_us": {
    "p50": 18.639,
    "p90": 23.741,
    "p99": 31.413329999999995,
    "p99.9": 66.37956100000083,
    "p99.99": 70.82538459999967,
    "mean": 19.10912666666667,
    "std": 4.77598660313122,
    "min": 10.2,
    "max": 71.252
  }
}