{
  "meta": {
    "label": "proxy",
    "backend": "onnxruntime-cuda",
    "model": "decode_proxy_fp16.onnx",
    "hz": 8.0,
    "period_us": 125000.0,
    "deadline_us": 125000.0,
    "iters": 600,
    "warmup": 50,
    "cpu": 5,
    "prio": 80,
    "mlock": true,
    "host": "jetson-orin",
    "kernel": "5.15.185-tegra",
    "python": "3.10.12",
    "timestamp": "2026-06-12T00:10:12.182917+00:00",
    "rt_warnings": []
  },
  "deadline_miss_count": 0,
  "deadline_miss_rate": 0.0,
  "response_us": {
    "p50": 6554.1795,
    "p90": 6567.888,
    "p99": 6630.96817,
    "p99.9": 6873.122449000008,
    "p99.99": 6935.03754489999,
    "mean": 6558.8969566666665,
    "std": 24.165962073781714,
    "min": 6542.356,
    "max": 6941.917
  },
  "compute_us": {
    "p50": 6541.3195,
    "p90": 6553.9696,
    "p99": 6608.78887,
    "p99.9": 6847.861283000009,
    "p99.99": 6920.145428299988,
    "mean": 6545.2669283333325,
    "std": 22.609464974501208,
    "min": 6528.807,
    "max": 6928.177
  },
  "release_jitter_us": {
    "p50": 13.146,
    "p90": 16.425100000000004,
    "p99": 26.98621,
    "p99.9": 33.65449700000011,
    "p99.99": 34.569349699999854,
    "mean": 13.630028333333334,
    "std": 3.0379932012537303,
    "min": 9.155,
    "max": 34.671
  }
}