{
  "meta": {
    "label": "emc2133_cproxyv1",
    "backend": "onnxruntime-cuda",
    "model": "compute_proxy_v1_gemm2048.onnx",
    "hz": 4.0,
    "period_us": 250000.0,
    "deadline_us": 250000.0,
    "iters": 1000,
    "warmup": 100,
    "cpu": 5,
    "prio": 80,
    "mlock": true,
    "host": "jetson-orin",
    "kernel": "5.15.185-tegra",
    "python": "3.10.12",
    "timestamp": "2026-06-11T06:04:57.614769+00:00",
    "rt_warnings": []
  },
  "deadline_miss_count": 0,
  "deadline_miss_rate": 0.0,
  "response_us": {
    "p50": 12975.7805,
    "p90": 13047.4358,
    "p99": 13154.59978,
    "p99.9": 13366.23760600001,
    "p99.99": 13447.701460599996,
    "mean": 12983.759974999999,
    "std": 56.40688529995585,
    "min": 12887.836,
    "max": 13456.753
  },
  "compute_us": {
    "p50": 12949.799,
    "p90": 13010.2457,
    "p99": 13127.9256,
    "p99.9": 13311.38467500001,
    "p99.99": 13405.497967499996,
    "mean": 12956.119158,
    "std": 51.29664921589943,
    "min": 12869.884,
    "max": 13415.955
  },
  "release_jitter_us": {
    "p50": 25.6325,
    "p90": 38.03450000000001,
    "p99": 45.34438,
    "p99.9": 65.77157400000033,
    "p99.99": 68.98495739999983,
    "mean": 27.640817000000002,
    "std": 7.391201826463068,
    "min": 13.467,
    "max": 69.342
  }
}