{
  "meta": {
    "label": "emc204_proxy",
    "backend": "onnxruntime-cuda",
    "model": "decode_proxy_fp16.onnx",
    "hz": 5.0,
    "period_us": 200000.0,
    "deadline_us": 200000.0,
    "iters": 1000,
    "warmup": 100,
    "cpu": 5,
    "prio": 80,
    "mlock": true,
    "host": "jetson-orin",
    "kernel": "5.15.185-tegra",
    "python": "3.10.12",
    "timestamp": "2026-06-11T05:25:14.905770+00:00",
    "rt_warnings": []
  },
  "deadline_miss_count": 0,
  "deadline_miss_rate": 0.0,
  "response_us": {
    "p50": 68583.627,
    "p90": 68785.6335,
    "p99": 69027.80184,
    "p99.9": 70201.84035700008,
    "p99.99": 71104.85773569994,
    "mean": 68622.40981999999,
    "std": 158.11592244777114,
    "min": 68173.331,
    "max": 71205.193
  },
  "compute_us": {
    "p50": 68560.658,
    "p90": 68758.30459999999,
    "p99": 69009.68958,
    "p99.9": 70175.27157300008,
    "p99.99": 71074.88675729994,
    "mean": 68598.905082,
    "std": 154.13213467988194,
    "min": 68147.304,
    "max": 71174.844
  },
  "release_jitter_us": {
    "p50": 20.8235,
    "p90": 32.5359,
    "p99": 63.02232999999991,
    "p99.9": 108.67565700000735,
    "p99.99": 182.0934656999961,
    "mean": 23.504738,
    "std": 11.160935416413626,
    "min": 9.291,
    "max": 190.251
  }
}