{
  "meta": {
    "label": "emc204_mobilenet",
    "backend": "onnxruntime-cuda",
    "model": "mobilenetv2-12.onnx",
    "hz": 25.0,
    "period_us": 40000.0,
    "deadline_us": 40000.0,
    "iters": 1000,
    "warmup": 100,
    "cpu": 5,
    "prio": 80,
    "mlock": true,
    "host": "jetson-orin",
    "kernel": "5.15.185-tegra",
    "python": "3.10.12",
    "timestamp": "2026-06-11T05:18:01.051268+00:00",
    "rt_warnings": []
  },
  "deadline_miss_count": 0,
  "deadline_miss_rate": 0.0,
  "response_us": {
    "p50": 22474.582,
    "p90": 23406.1908,
    "p99": 25450.33157,
    "p99.9": 29962.954216000013,
    "p99.99": 30080.031421599993,
    "mean": 22727.636528,
    "std": 700.5839935657916,
    "min": 22288.172,
    "max": 30093.04
  },
  "compute_us": {
    "p50": 22457.586499999998,
    "p90": 23391.7625,
    "p99": 25387.173,
    "p99.9": 29777.362269000012,
    "p99.99": 29909.771826899992,
    "mean": 22707.688810000003,
    "std": 690.9100119436408,
    "min": 22268.302,
    "max": 29924.484
  },
  "release_jitter_us": {
    "p50": 16.8845,
    "p90": 29.266500000000004,
    "p99": 61.570309999999985,
    "p99.9": 178.7009150000006,
    "p99.99": 184.91819149999966,
    "mean": 19.947718000000002,
    "std": 12.760235273006373,
    "min": 10.851,
    "max": 185.609
  }
}