{
  "meta": {
    "label": "emc2133_proxy",
    "backend": "onnxruntime-cuda",
    "model": "decode_proxy_fp16.onnx",
    "hz": 5.0,
    "period_us": 200000.0,
    "deadline_us": 200000.0,
    "iters": 1000,
    "warmup": 100,
    "cpu": 5,
    "prio": 80,
    "mlock": true,
    "host": "jetson-orin",
    "kernel": "5.15.185-tegra",
    "python": "3.10.12",
    "timestamp": "2026-06-11T06:00:41.850480+00:00",
    "rt_warnings": []
  },
  "deadline_miss_count": 0,
  "deadline_miss_rate": 0.0,
  "response_us": {
    "p50": 6590.388999999999,
    "p90": 6623.6813999999995,
    "p99": 6659.70722,
    "p99.9": 6754.649015000011,
    "p99.99": 6862.554501499994,
    "mean": 6595.266229,
    "std": 25.244276444306323,
    "min": 6553.248,
    "max": 6874.544
  },
  "compute_us": {
    "p50": 6571.0779999999995,
    "p90": 6597.222900000001,
    "p99": 6627.86623,
    "p99.9": 6709.987476000013,
    "p99.99": 6833.592147599993,
    "mean": 6574.802301,
    "std": 21.37156783814419,
    "min": 6539.541,
    "max": 6847.326
  },
  "release_jitter_us": {
    "p50": 19.786,
    "p90": 26.828000000000003,
    "p99": 32.59916,
    "p99.9": 35.10458400000086,
    "p99.99": 43.721558399999545,
    "mean": 20.463928,
    "std": 4.797747254786979,
    "min": 10.11,
    "max": 44.679
  }
}