{
  "meta": {
    "label": "emc2133_mobilenet",
    "backend": "onnxruntime-cuda",
    "model": "mobilenetv2-12.onnx",
    "hz": 25.0,
    "period_us": 40000.0,
    "deadline_us": 40000.0,
    "iters": 1000,
    "warmup": 100,
    "cpu": 5,
    "prio": 80,
    "mlock": true,
    "host": "jetson-orin",
    "kernel": "5.15.185-tegra",
    "python": "3.10.12",
    "timestamp": "2026-06-11T05:53:49.593682+00:00",
    "rt_warnings": []
  },
  "deadline_miss_count": 0,
  "deadline_miss_rate": 0.0,
  "response_us": {
    "p50": 4707.6435,
    "p90": 4744.1228,
    "p99": 4821.661819999999,
    "p99.9": 4831.8849900000005,
    "p99.99": 4838.169699,
    "mean": 4715.195651,
    "std": 29.062449096337343,
    "min": 4674.41,
    "max": 4838.868
  },
  "compute_us": {
    "p50": 4695.106,
    "p90": 4727.5966,
    "p99": 4793.99089,
    "p99.9": 4806.885512,
    "p99.99": 4807.3458512,
    "mean": 4701.690898,
    "std": 25.511369434305077,
    "min": 4664.065,
    "max": 4807.397
  },
  "release_jitter_us": {
    "p50": 11.648,
    "p90": 17.5309,
    "p99": 28.951279999999997,
    "p99.9": 31.681037000000003,
    "p99.99": 31.7143037,
    "mean": 13.504753000000001,
    "std": 4.134193531995207,
    "min": 8.93,
    "max": 31.718
  }
}