{
  "meta": {
    "label": "emc2133_cproxyv2",
    "backend": "onnxruntime-cuda",
    "model": "compute_proxy_fp16.onnx",
    "hz": 4.0,
    "period_us": 250000.0,
    "deadline_us": 250000.0,
    "iters": 1000,
    "warmup": 100,
    "cpu": 5,
    "prio": 80,
    "mlock": true,
    "host": "jetson-orin",
    "kernel": "5.15.185-tegra",
    "python": "3.10.12",
    "timestamp": "2026-06-11T06:09:13.621724+00:00",
    "rt_warnings": []
  },
  "deadline_miss_count": 0,
  "deadline_miss_rate": 0.0,
  "response_us": {
    "p50": 16927.2725,
    "p90": 17011.3202,
    "p99": 17167.68157,
    "p99.9": 17863.930759000003,
    "p99.99": 17883.4942759,
    "mean": 16944.67292,
    "std": 71.51576573810564,
    "min": 16497.064,
    "max": 17885.668
  },
  "compute_us": {
    "p50": 16907.7345,
    "p90": 16987.344200000003,
    "p99": 17129.57944,
    "p99.9": 17847.044293000003,
    "p99.99": 17863.491529299998,
    "mean": 16924.063398999995,
    "std": 68.26344243861277,
    "min": 16480.133,
    "max": 17865.319
  },
  "release_jitter_us": {
    "p50": 19.977,
    "p90": 26.1783,
    "p99": 38.31496,
    "p99.9": 59.713999000000456,
    "p99.99": 64.20859989999975,
    "mean": 20.609521,
    "std": 5.213662471196137,
    "min": 10.092,
    "max": 64.708
  }
}