{
  "meta": {
    "label": "emc204_cproxyv1",
    "backend": "onnxruntime-cuda",
    "model": "compute_proxy_v1_gemm2048.onnx",
    "hz": 4.0,
    "period_us": 250000.0,
    "deadline_us": 250000.0,
    "iters": 1000,
    "warmup": 100,
    "cpu": 5,
    "prio": 80,
    "mlock": true,
    "host": "jetson-orin",
    "kernel": "5.15.185-tegra",
    "python": "3.10.12",
    "timestamp": "2026-06-11T05:29:43.947353+00:00",
    "rt_warnings": []
  },
  "deadline_miss_count": 0,
  "deadline_miss_rate": 0.0,
  "response_us": {
    "p50": 118669.0175,
    "p90": 119252.5622,
    "p99": 121420.90361,
    "p99.9": 130965.03983600005,
    "p99.99": 131370.38648359996,
    "mean": 118817.935414,
    "std": 898.6263619359097,
    "min": 118111.941,
    "max": 131415.425
  },
  "compute_us": {
    "p50": 118589.037,
    "p90": 119141.0213,
    "p99": 121294.40992,
    "p99.9": 130828.55772900004,
    "p99.99": 131115.12697289998,
    "mean": 118734.99323000001,
    "std": 883.9766450346622,
    "min": 118057.516,
    "max": 131146.968
  },
  "release_jitter_us": {
    "p50": 72.042,
    "p90": 129.1642,
    "p99": 163.98847,
    "p99.9": 268.03742,
    "p99.99": 268.41504199999997,
    "mean": 82.94218400000001,
    "std": 32.4264330367394,
    "min": 35.782,
    "max": 268.457
  }
}