{
  "meta": {
    "label": "emc2133_vit",
    "backend": "onnxruntime-cuda",
    "model": "vit_small_patch16_224.onnx",
    "hz": 5.0,
    "period_us": 200000.0,
    "deadline_us": 200000.0,
    "iters": 1000,
    "warmup": 100,
    "cpu": 5,
    "prio": 80,
    "mlock": true,
    "host": "jetson-orin",
    "kernel": "5.15.185-tegra",
    "python": "3.10.12",
    "timestamp": "2026-06-11T05:57:16.055044+00:00",
    "rt_warnings": []
  },
  "deadline_miss_count": 0,
  "deadline_miss_rate": 0.0,
  "response_us": {
    "p50": 13471.058,
    "p90": 13586.454,
    "p99": 13660.49495,
    "p99.9": 13735.443916000002,
    "p99.99": 13747.9557916,
    "mean": 13486.576765,
    "std": 60.975078900611315,
    "min": 13378.781,
    "max": 13749.346
  },
  "compute_us": {
    "p50": 13449.669,
    "p90": 13555.1622,
    "p99": 13628.09829,
    "p99.9": 13711.972288,
    "p99.99": 13719.4240288,
    "mean": 13463.793816,
    "std": 56.57355461660639,
    "min": 13360.69,
    "max": 13720.252
  },
  "release_jitter_us": {
    "p50": 21.769,
    "p90": 31.692700000000002,
    "p99": 35.86045999999999,
    "p99.9": 41.58035600000003,
    "p99.99": 41.90043559999998,
    "mean": 22.782949000000002,
    "std": 5.259300465689234,
    "min": 11.42,
    "max": 41.936
  }
}