{
  "meta": {
    "label": "emc204_vit",
    "backend": "onnxruntime-cuda",
    "model": "vit_small_patch16_224.onnx",
    "hz": 5.0,
    "period_us": 200000.0,
    "deadline_us": 200000.0,
    "iters": 1000,
    "warmup": 100,
    "cpu": 5,
    "prio": 80,
    "mlock": true,
    "host": "jetson-orin",
    "kernel": "5.15.185-tegra",
    "python": "3.10.12",
    "timestamp": "2026-06-11T05:21:38.400045+00:00",
    "rt_warnings": []
  },
  "deadline_miss_count": 0,
  "deadline_miss_rate": 0.0,
  "response_us": {
    "p50": 90412.037,
    "p90": 91739.4344,
    "p99": 93406.27287999999,
    "p99.9": 98199.23390300017,
    "p99.99": 99972.1718902999,
    "mean": 90748.498039,
    "std": 853.2067170452009,
    "min": 89805.851,
    "max": 100169.165
  },
  "compute_us": {
    "p50": 90378.9025,
    "p90": 91715.2917,
    "p99": 93373.62607,
    "p99.9": 98181.93912900015,
    "p99.99": 99737.49811289992,
    "mean": 90719.59873500002,
    "std": 848.043026403784,
    "min": 89782.53,
    "max": 99910.338
  },
  "release_jitter_us": {
    "p50": 26.250999999999998,
    "p90": 38.5049,
    "p99": 75.29798999999998,
    "p99.9": 144.6053360000103,
    "p99.99": 247.40483359999453,
    "mean": 28.899303999999997,
    "std": 13.027991004586394,
    "min": 15.382,
    "max": 258.827
  }
}