{
  "meta": {
    "label": "emc204_cproxyv2",
    "backend": "onnxruntime-cuda",
    "model": "compute_proxy_fp16.onnx",
    "hz": 4.0,
    "period_us": 250000.0,
    "deadline_us": 250000.0,
    "iters": 1000,
    "warmup": 100,
    "cpu": 5,
    "prio": 80,
    "mlock": true,
    "host": "jetson-orin",
    "kernel": "5.15.185-tegra",
    "python": "3.10.12",
    "timestamp": "2026-06-11T05:34:14.796941+00:00",
    "rt_warnings": []
  },
  "deadline_miss_count": 0,
  "deadline_miss_rate": 0.0,
  "response_us": {
    "p50": 140437.3455,
    "p90": 141828.47,
    "p99": 144465.45231000002,
    "p99.9": 160503.29161600012,
    "p99.99": 161608.83936159997,
    "mean": 140750.73190999997,
    "std": 1209.16667327414,
    "min": 139704.189,
    "max": 161731.678
  },
  "compute_us": {
    "p50": 140389.5245,
    "p90": 141794.9721,
    "p99": 144433.2098,
    "p99.9": 160340.00753400012,
    "p99.99": 161557.86905339995,
    "mean": 140708.49712599997,
    "std": 1205.5174658224917,
    "min": 139680.578,
    "max": 161693.187
  },
  "release_jitter_us": {
    "p50": 35.726,
    "p90": 69.64550000000001,
    "p99": 96.74814999999997,
    "p99.9": 144.4170110000017,
    "p99.99": 161.5098010999991,
    "mean": 42.234784,
    "std": 18.150939688328645,
    "min": 17.722,
    "max": 163.409
  }
}