{
  "meta": {
    "label": "emc3199_proxy",
    "backend": "onnxruntime-cuda",
    "model": "decode_proxy_fp16.onnx",
    "hz": 5.0,
    "period_us": 200000.0,
    "deadline_us": 200000.0,
    "iters": 1000,
    "warmup": 100,
    "cpu": 5,
    "prio": 80,
    "mlock": true,
    "host": "jetson-orin",
    "kernel": "5.15.185-tegra",
    "python": "3.10.12",
    "timestamp": "2026-06-11T06:17:11.285270+00:00",
    "rt_warnings": []
  },
  "deadline_miss_count": 0,
  "deadline_miss_rate": 0.0,
  "response_us": {
    "p50": 4552.161,
    "p90": 4577.5366,
    "p99": 4646.07427,
    "p99.9": 4808.282136000004,
    "p99.99": 4853.359413599998,
    "mean": 4557.371459000001,
    "std": 25.222827564853215,
    "min": 4533.378,
    "max": 4858.368
  },
  "compute_us": {
    "p50": 4536.1745,
    "p90": 4557.1189,
    "p99": 4624.05065,
    "p99.9": 4753.120778000007,
    "p99.99": 4821.252777799997,
    "mean": 4541.025812,
    "std": 22.298402284842208,
    "min": 4520.333,
    "max": 4828.823
  },
  "release_jitter_us": {
    "p50": 15.974,
    "p90": 19.9143,
    "p99": 29.294249999999998,
    "p99.9": 45.864332000000836,
    "p99.99": 54.25473319999955,
    "mean": 16.345647,
    "std": 3.726139675641669,
    "min": 9.612,
    "max": 55.187
  }
}