{
  "meta": {
    "label": "emc3199_vit",
    "backend": "onnxruntime-cuda",
    "model": "vit_small_patch16_224.onnx",
    "hz": 5.0,
    "period_us": 200000.0,
    "deadline_us": 200000.0,
    "iters": 1000,
    "warmup": 100,
    "cpu": 5,
    "prio": 80,
    "mlock": true,
    "host": "jetson-orin",
    "kernel": "5.15.185-tegra",
    "python": "3.10.12",
    "timestamp": "2026-06-11T06:13:45.938670+00:00",
    "rt_warnings": []
  },
  "deadline_miss_count": 0,
  "deadline_miss_rate": 0.0,
  "response_us": {
    "p50": 11418.266,
    "p90": 11461.1722,
    "p99": 11548.08786,
    "p99.9": 11771.237168000005,
    "p99.99": 11821.737816799998,
    "mean": 11425.650831,
    "std": 35.301392427954454,
    "min": 11318.486,
    "max": 11827.349
  },
  "compute_us": {
    "p50": 11402.5695,
    "p90": 11441.6762,
    "p99": 11526.27377,
    "p99.9": 11731.294274000003,
    "p99.99": 11773.798327399998,
    "mean": 11409.022687,
    "std": 33.22400768843265,
    "min": 11304.579,
    "max": 11778.521
  },
  "release_jitter_us": {
    "p50": 16.125,
    "p90": 20.5214,
    "p99": 26.195659999999993,
    "p99.9": 39.9428940000008,
    "p99.99": 47.93948939999958,
    "mean": 16.628144,
    "std": 3.103645489946299,
    "min": 9.972,
    "max": 48.828
  }
}