{
  "meta": {
    "label": "emc3199_cproxyv2",
    "backend": "onnxruntime-cuda",
    "model": "compute_proxy_fp16.onnx",
    "hz": 4.0,
    "period_us": 250000.0,
    "deadline_us": 250000.0,
    "iters": 1000,
    "warmup": 100,
    "cpu": 5,
    "prio": 80,
    "mlock": true,
    "host": "jetson-orin",
    "kernel": "5.15.185-tegra",
    "python": "3.10.12",
    "timestamp": "2026-06-11T06:25:42.781385+00:00",
    "rt_warnings": []
  },
  "deadline_miss_count": 0,
  "deadline_miss_rate": 0.0,
  "response_us": {
    "p50": 18627.241,
    "p90": 18836.0829,
    "p99": 18948.03107,
    "p99.9": 19024.426673,
    "p99.99": 19051.1056673,
    "mean": 18653.158914,
    "std": 124.87196226693412,
    "min": 18080.717,
    "max": 19054.07
  },
  "compute_us": {
    "p50": 18603.631999999998,
    "p90": 18814.733,
    "p99": 18917.46239,
    "p99.9": 18985.286806,
    "p99.99": 19010.287180599997,
    "mean": 18630.903058,
    "std": 122.76399192441832,
    "min": 18067.629,
    "max": 19013.065
  },
  "release_jitter_us": {
    "p50": 20.9545,
    "p90": 30.819000000000003,
    "p99": 41.00506,
    "p99.9": 48.47275200000007,
    "p99.99": 49.148875199999964,
    "mean": 22.255856,
    "std": 6.056891983291761,
    "min": 10.136,
    "max": 49.224
  }
}