{
  "meta": {
    "label": "emc3199_mobilenet",
    "backend": "onnxruntime-cuda",
    "model": "mobilenetv2-12.onnx",
    "hz": 25.0,
    "period_us": 40000.0,
    "deadline_us": 40000.0,
    "iters": 1000,
    "warmup": 100,
    "cpu": 5,
    "prio": 80,
    "mlock": true,
    "host": "jetson-orin",
    "kernel": "5.15.185-tegra",
    "python": "3.10.12",
    "timestamp": "2026-06-11T06:10:19.864048+00:00",
    "rt_warnings": []
  },
  "deadline_miss_count": 0,
  "deadline_miss_rate": 0.0,
  "response_us": {
    "p50": 4212.8715,
    "p90": 4222.1067,
    "p99": 4255.6879,
    "p99.9": 4305.02326,
    "p99.99": 4307.0552259999995,
    "mean": 4213.696659,
    "std": 9.811904799513648,
    "min": 4189.205,
    "max": 4307.281
  },
  "compute_us": {
    "p50": 4202.063,
    "p90": 4210.752,
    "p99": 4237.57155,
    "p99.9": 4294.209449,
    "p99.99": 4294.6131449,
    "mean": 4202.75407,
    "std": 9.119039344201788,
    "min": 4177.918,
    "max": 4294.658
  },
  "release_jitter_us": {
    "p50": 10.727,
    "p90": 12.1032,
    "p99": 13.917759999999987,
    "p99.9": 22.513262000000115,
    "p99.99": 23.64792619999994,
    "mean": 10.942589,
    "std": 1.2636836890927254,
    "min": 9.049,
    "max": 23.774
  }
}