{
  "meta": {
    "label": "emc3199_cproxyv1",
    "backend": "onnxruntime-cuda",
    "model": "compute_proxy_v1_gemm2048.onnx",
    "hz": 4.0,
    "period_us": 250000.0,
    "deadline_us": 250000.0,
    "iters": 1000,
    "warmup": 100,
    "cpu": 5,
    "prio": 80,
    "mlock": true,
    "host": "jetson-orin",
    "kernel": "5.15.185-tegra",
    "python": "3.10.12",
    "timestamp": "2026-06-11T06:21:26.714345+00:00",
    "rt_warnings": []
  },
  "deadline_miss_count": 0,
  "deadline_miss_rate": 0.0,
  "response_us": {
    "p50": 10990.614,
    "p90": 11053.4262,
    "p99": 11114.223,
    "p99.9": 11200.957825,
    "p99.99": 11201.6995825,
    "mean": 10989.397950999999,
    "std": 57.24856569375862,
    "min": 10739.866,
    "max": 11201.782
  },
  "compute_us": {
    "p50": 10962.675500000001,
    "p90": 11017.526100000001,
    "p99": 11078.16892,
    "p99.9": 11150.238271,
    "p99.99": 11155.876527100001,
    "mean": 10961.40332,
    "std": 54.119969631768996,
    "min": 10711.664,
    "max": 11156.503
  },
  "release_jitter_us": {
    "p50": 27.643,
    "p90": 36.1663,
    "p99": 42.00523999999999,
    "p99.9": 50.166385000000126,
    "p99.99": 51.41163849999993,
    "mean": 27.994631000000002,
    "std": 6.04129048886403,
    "min": 14.654,
    "max": 51.55
  }
}