{
  "meta": {
    "label": "emc665_proxy",
    "backend": "onnxruntime-cuda",
    "model": "decode_proxy_fp16.onnx",
    "hz": 5.0,
    "period_us": 200000.0,
    "deadline_us": 200000.0,
    "iters": 1000,
    "warmup": 100,
    "cpu": 5,
    "prio": 80,
    "mlock": true,
    "host": "jetson-orin",
    "kernel": "5.15.185-tegra",
    "python": "3.10.12",
    "timestamp": "2026-06-11T05:43:48.505981+00:00",
    "rt_warnings": []
  },
  "deadline_miss_count": 0,
  "deadline_miss_rate": 0.0,
  "response_us": {
    "p50": 21181.501,
    "p90": 21248.7937,
    "p99": 21316.970400000002,
    "p99.9": 21759.166170000277,
    "p99.99": 24543.83171699985,
    "mean": 21197.261233999998,
    "std": 124.32418963186228,
    "min": 20838.092,
    "max": 24853.239
  },
  "compute_us": {
    "p50": 21160.250500000002,
    "p90": 21214.7662,
    "p99": 21280.821649999998,
    "p99.9": 21665.173336000287,
    "p99.99": 24511.12693359985,
    "mean": 21172.956345000002,
    "std": 122.33028174670402,
    "min": 20822.497,
    "max": 24827.344
  },
  "release_jitter_us": {
    "p50": 22.5415,
    "p90": 33.3025,
    "p99": 46.58018,
    "p99.9": 64.55853200000266,
    "p99.99": 91.1107531999986,
    "mean": 24.304889,
    "std": 7.26485034399739,
    "min": 11.307,
    "max": 94.061
  }
}