{
  "meta": {
    "label": "emc665_vit",
    "backend": "onnxruntime-cuda",
    "model": "vit_small_patch16_224.onnx",
    "hz": 5.0,
    "period_us": 200000.0,
    "deadline_us": 200000.0,
    "iters": 1000,
    "warmup": 100,
    "cpu": 5,
    "prio": 80,
    "mlock": true,
    "host": "jetson-orin",
    "kernel": "5.15.185-tegra",
    "python": "3.10.12",
    "timestamp": "2026-06-11T05:40:20.493525+00:00",
    "rt_warnings": []
  },
  "deadline_miss_count": 0,
  "deadline_miss_rate": 0.0,
  "response_us": {
    "p50": 30668.24,
    "p90": 30899.2786,
    "p99": 31609.937169999997,
    "p99.9": 33116.548699000006,
    "p99.99": 33235.858369899994,
    "mean": 30718.848717999997,
    "std": 224.19189540103454,
    "min": 30200.303,
    "max": 33249.115
  },
  "compute_us": {
    "p50": 30645.169,
    "p90": 30862.423,
    "p99": 31548.55889,
    "p99.9": 33090.347688,
    "p99.99": 33110.7464688,
    "mean": 30692.180063,
    "std": 215.91505910431772,
    "min": 30185.348,
    "max": 33113.013
  },
  "release_jitter_us": {
    "p50": 23.833,
    "p90": 38.8119,
    "p99": 50.84572999999999,
    "p99.9": 116.93918200000172,
    "p99.99": 134.1857181999991,
    "mean": 26.668654999999998,
    "std": 10.313142073877145,
    "min": 13.596,
    "max": 136.102
  }
}