{
  "meta": {
    "label": "emc665_cproxyv1",
    "backend": "onnxruntime-cuda",
    "model": "compute_proxy_v1_gemm2048.onnx",
    "hz": 4.0,
    "period_us": 250000.0,
    "deadline_us": 250000.0,
    "iters": 1000,
    "warmup": 100,
    "cpu": 5,
    "prio": 80,
    "mlock": true,
    "host": "jetson-orin",
    "kernel": "5.15.185-tegra",
    "python": "3.10.12",
    "timestamp": "2026-06-11T05:48:07.131443+00:00",
    "rt_warnings": []
  },
  "deadline_miss_count": 0,
  "deadline_miss_rate": 0.0,
  "response_us": {
    "p50": 37047.679000000004,
    "p90": 37137.8691,
    "p99": 37233.65771,
    "p99.9": 37537.33675300002,
    "p99.99": 37738.51307529999,
    "mean": 37050.883177,
    "std": 76.21579190612454,
    "min": 36897.035,
    "max": 37760.866
  },
  "compute_us": {
    "p50": 37002.273,
    "p90": 37077.8526,
    "p99": 37177.6412,
    "p99.9": 37506.89148600002,
    "p99.99": 37705.130448599986,
    "mean": 37006.29670100001,
    "std": 66.79689660018349,
    "min": 36871.933,
    "max": 37727.157
  },
  "release_jitter_us": {
    "p50": 40.7825,
    "p90": 67.6597,
    "p99": 76.4634,
    "p99.9": 86.40838900000112,
    "p99.99": 97.5473388999994,
    "mean": 44.586476,
    "std": 15.136434865628829,
    "min": 20.082,
    "max": 98.785
  }
}