{
  "meta": {
    "label": "emc665_mobilenet",
    "backend": "onnxruntime-cuda",
    "model": "mobilenetv2-12.onnx",
    "hz": 25.0,
    "period_us": 40000.0,
    "deadline_us": 40000.0,
    "iters": 1000,
    "warmup": 100,
    "cpu": 5,
    "prio": 80,
    "mlock": true,
    "host": "jetson-orin",
    "kernel": "5.15.185-tegra",
    "python": "3.10.12",
    "timestamp": "2026-06-11T05:36:51.923908+00:00",
    "rt_warnings": []
  },
  "deadline_miss_count": 0,
  "deadline_miss_rate": 0.0,
  "response_us": {
    "p50": 8537.263500000001,
    "p90": 8567.312399999999,
    "p99": 8666.42952,
    "p99.9": 8711.967162000003,
    "p99.99": 8737.2876162,
    "mean": 8542.531978,
    "std": 28.357535649938196,
    "min": 8490.196,
    "max": 8740.101
  },
  "compute_us": {
    "p50": 8525.356,
    "p90": 8554.6274,
    "p99": 8644.973409999999,
    "p99.9": 8688.84964,
    "p99.99": 8689.425064,
    "mean": 8529.854526000001,
    "std": 26.032250749163524,
    "min": 8479.467,
    "max": 8689.489
  },
  "release_jitter_us": {
    "p50": 11.8095,
    "p90": 14.624300000000002,
    "p99": 27.519409999999986,
    "p99.9": 34.20742100000148,
    "p99.99": 48.97154209999922,
    "mean": 12.677452,
    "std": 3.409474486441569,
    "min": 9.428,
    "max": 50.612
  }
}