{
  "meta": {
    "label": "emc665_cproxyv2",
    "backend": "onnxruntime-cuda",
    "model": "compute_proxy_fp16.onnx",
    "hz": 4.0,
    "period_us": 250000.0,
    "deadline_us": 250000.0,
    "iters": 1000,
    "warmup": 100,
    "cpu": 5,
    "prio": 80,
    "mlock": true,
    "host": "jetson-orin",
    "kernel": "5.15.185-tegra",
    "python": "3.10.12",
    "timestamp": "2026-06-11T05:52:26.240365+00:00",
    "rt_warnings": []
  },
  "deadline_miss_count": 0,
  "deadline_miss_rate": 0.0,
  "response_us": {
    "p50": 43394.29,
    "p90": 43705.2636,
    "p99": 43917.4629,
    "p99.9": 44602.991149,
    "p99.99": 44658.869314899996,
    "mean": 43461.221752000005,
    "std": 177.31770526892828,
    "min": 42954.8,
    "max": 44665.078
  },
  "compute_us": {
    "p50": 43367.057,
    "p90": 43656.4378,
    "p99": 43889.658840000004,
    "p99.9": 44576.68165,
    "p99.99": 44626.716564999995,
    "mean": 43431.030936,
    "std": 172.72597824960758,
    "min": 42934.149,
    "max": 44632.276
  },
  "release_jitter_us": {
    "p50": 27.316499999999998,
    "p90": 45.515800000000006,
    "p99": 61.200489999999995,
    "p99.9": 70.31752500000005,
    "p99.99": 70.78955249999997,
    "mean": 30.190815999999998,
    "std": 9.655882159913924,
    "min": 13.237,
    "max": 70.842
  }
}