{
  "meta": {
    "label": "emc2133_gpu918_cproxyv2",
    "backend": "onnxruntime-cuda",
    "model": "compute_proxy_fp16.onnx",
    "hz": 3.0,
    "period_us": 333333.333,
    "deadline_us": 333333.333,
    "iters": 300,
    "warmup": 50,
    "cpu": 5,
    "prio": 80,
    "mlock": true,
    "host": "jetson-orin",
    "kernel": "5.15.185-tegra",
    "python": "3.10.12",
    "timestamp": "2026-06-12T01:22:17.534492+00:00",
    "rt_warnings": []
  },
  "deadline_miss_count": 0,
  "deadline_miss_rate": 0.0,
  "response_us": {
    "p50": 17610.847,
    "p90": 17697.3203,
    "p99": 17780.77219,
    "p99.9": 17802.093404,
    "p99.99": 17802.794140399998,
    "mean": 17626.815636666666,
    "std": 53.31860244284338,
    "min": 17500.25,
    "max": 17802.872
  },
  "compute_us": {
    "p50": 17586.133500000004,
    "p90": 17665.6839,
    "p99": 17740.81577,
    "p99.9": 17762.919088,
    "p99.99": 17763.8577088,
    "mean": 17600.99954333333,
    "std": 49.2403913342977,
    "min": 17486.58,
    "max": 17763.962
  },
  "release_jitter_us": {
    "p50": 25.4005,
    "p90": 32.470600000000005,
    "p99": 39.602059999999994,
    "p99.9": 39.910366,
    "p99.99": 39.95503659999999,
    "mean": 25.81609333333333,
    "std": 4.996973270352986,
    "min": 13.67,
    "max": 39.96
  }
}