{
  "meta": {
    "label": "emc2133_gpu612_proxy",
    "backend": "onnxruntime-cuda",
    "model": "decode_proxy_fp16.onnx",
    "hz": 8.0,
    "period_us": 125000.0,
    "deadline_us": 125000.0,
    "iters": 300,
    "warmup": 50,
    "cpu": 5,
    "prio": 80,
    "mlock": true,
    "host": "jetson-orin",
    "kernel": "5.15.185-tegra",
    "python": "3.10.12",
    "timestamp": "2026-06-12T01:06:18.484555+00:00",
    "rt_warnings": []
  },
  "deadline_miss_count": 0,
  "deadline_miss_rate": 0.0,
  "response_us": {
    "p50": 7199.2425,
    "p90": 7212.390899999999,
    "p99": 7228.45732,
    "p99.9": 7234.817403,
    "p99.99": 7235.4371403000005,
    "mean": 7200.232906666666,
    "std": 9.748123392972744,
    "min": 7183.07,
    "max": 7235.506
  },
  "compute_us": {
    "p50": 7185.157,
    "p90": 7196.6322,
    "p99": 7207.42136,
    "p99.9": 7214.889744,
    "p99.99": 7216.7583744,
    "mean": 7185.757173333334,
    "std": 8.322634388018146,
    "min": 7170.149,
    "max": 7216.966
  },
  "release_jitter_us": {
    "p50": 13.898,
    "p90": 18.301700000000007,
    "p99": 21.067989999999998,
    "p99.9": 22.630840000000042,
    "p99.99": 23.1259839999999,
    "mean": 14.47573333333333,
    "std": 2.503147044999332,
    "min": 9.13,
    "max": 23.181
  }
}