{
  "meta": {
    "label": "emc2133_gpu1020_vit",
    "backend": "onnxruntime-cuda",
    "model": "vit_small_patch16_224.onnx",
    "hz": 3.0,
    "period_us": 333333.333,
    "deadline_us": 333333.333,
    "iters": 300,
    "warmup": 50,
    "cpu": 5,
    "prio": 80,
    "mlock": true,
    "host": "jetson-orin",
    "kernel": "5.15.185-tegra",
    "python": "3.10.12",
    "timestamp": "2026-06-12T01:24:40.742174+00:00",
    "rt_warnings": []
  },
  "deadline_miss_count": 0,
  "deadline_miss_rate": 0.0,
  "response_us": {
    "p50": 13569.708999999999,
    "p90": 13671.302800000001,
    "p99": 14170.173399999998,
    "p99.9": 14506.629676000008,
    "p99.99": 14599.59726759998,
    "mean": 13582.077173333335,
    "std": 132.2976031293712,
    "min": 13363.434,
    "max": 14609.927
  },
  "compute_us": {
    "p50": 13543.7055,
    "p90": 13631.9631,
    "p99": 14102.29475,
    "p99.9": 14438.261469000006,
    "p99.99": 14529.80094689998,
    "mean": 13552.607543333334,
    "std": 124.65254893051639,
    "min": 13348.58,
    "max": 14539.972
  },
  "release_jitter_us": {
    "p50": 27.5295,
    "p90": 38.4189,
    "p99": 64.67401999999997,
    "p99.9": 69.33607000000005,
    "p99.99": 69.89310699999989,
    "mean": 29.469630000000002,
    "std": 8.608693929962122,
    "min": 13.832,
    "max": 69.955
  }
}