{
  "meta": {
    "label": "emc2133_gpu408_cproxyv2",
    "backend": "onnxruntime-cuda",
    "model": "compute_proxy_fp16.onnx",
    "hz": 3.0,
    "period_us": 333333.333,
    "deadline_us": 333333.333,
    "iters": 300,
    "warmup": 50,
    "cpu": 5,
    "prio": 80,
    "mlock": true,
    "host": "jetson-orin",
    "kernel": "5.15.185-tegra",
    "python": "3.10.12",
    "timestamp": "2026-06-12T00:58:28.506099+00:00",
    "rt_warnings": []
  },
  "deadline_miss_count": 0,
  "deadline_miss_rate": 0.0,
  "response_us": {
    "p50": 35874.5795,
    "p90": 35924.1648,
    "p99": 35987.8376,
    "p99.9": 36022.935914,
    "p99.99": 36027.0030914,
    "mean": 35876.89787666666,
    "std": 50.15213965294124,
    "min": 35322.456,
    "max": 36027.455
  },
  "compute_us": {
    "p50": 35852.328,
    "p90": 35900.443300000006,
    "p99": 35954.107769999995,
    "p99.9": 35992.334115000005,
    "p99.99": 35997.3434115,
    "mean": 35854.45504,
    "std": 47.63256975206234,
    "min": 35309.094,
    "max": 35997.9
  },
  "release_jitter_us": {
    "p50": 22.137,
    "p90": 28.249000000000002,
    "p99": 36.02473,
    "p99.9": 39.385761000000066,
    "p99.99": 40.20947609999983,
    "mean": 22.442836666666665,
    "std": 4.57191009134281,
    "min": 13.001,
    "max": 40.301
  }
}