{
  "meta": {
    "label": "emc2133_gpu306_proxy",
    "backend": "onnxruntime-cuda",
    "model": "decode_proxy_fp16.onnx",
    "hz": 8.0,
    "period_us": 125000.0,
    "deadline_us": 125000.0,
    "iters": 300,
    "warmup": 50,
    "cpu": 5,
    "prio": 80,
    "mlock": true,
    "host": "jetson-orin",
    "kernel": "5.15.185-tegra",
    "python": "3.10.12",
    "timestamp": "2026-06-12T00:51:57.657728+00:00",
    "rt_warnings": []
  },
  "deadline_miss_count": 0,
  "deadline_miss_rate": 0.0,
  "response_us": {
    "p50": 14028.9925,
    "p90": 14040.716400000001,
    "p99": 14059.28317,
    "p99.9": 14083.310567,
    "p99.99": 14084.5664567,
    "mean": 14030.012359999999,
    "std": 9.600078873481552,
    "min": 14010.309,
    "max": 14084.706
  },
  "compute_us": {
    "p50": 14015.5595,
    "p90": 14026.527300000002,
    "p99": 14043.32635,
    "p99.9": 14058.489936,
    "p99.99": 14058.687993599999,
    "mean": 14016.269123333332,
    "std": 8.90920235532466,
    "min": 13998.101,
    "max": 14058.71
  },
  "release_jitter_us": {
    "p50": 13.542,
    "p90": 15.692,
    "p99": 19.458019999999998,
    "p99.9": 24.820631000000084,
    "p99.99": 25.878463099999784,
    "mean": 13.743236666666668,
    "std": 1.8479004069453766,
    "min": 8.694,
    "max": 25.996
  }
}