{
  "meta": {
    "label": "emc2133_gpu714_cproxyv2",
    "backend": "onnxruntime-cuda",
    "model": "compute_proxy_fp16.onnx",
    "hz": 3.0,
    "period_us": 333333.333,
    "deadline_us": 333333.333,
    "iters": 300,
    "warmup": 50,
    "cpu": 5,
    "prio": 80,
    "mlock": true,
    "host": "jetson-orin",
    "kernel": "5.15.185-tegra",
    "python": "3.10.12",
    "timestamp": "2026-06-12T01:12:46.758609+00:00",
    "rt_warnings": []
  },
  "deadline_miss_count": 0,
  "deadline_miss_rate": 0.0,
  "response_us": {
    "p50": 21304.7375,
    "p90": 21361.7918,
    "p99": 21450.12785,
    "p99.9": 21482.858211000002,
    "p99.99": 21486.4940211,
    "mean": 21312.70077666667,
    "std": 39.90897681516595,
    "min": 21250.569,
    "max": 21486.898
  },
  "compute_us": {
    "p50": 21285.0395,
    "p90": 21340.0993,
    "p99": 21416.845839999998,
    "p99.9": 21453.33196,
    "p99.99": 21457.895895999998,
    "mean": 21293.07122,
    "std": 36.63668794726029,
    "min": 21230.526,
    "max": 21458.403
  },
  "release_jitter_us": {
    "p50": 19.039499999999997,
    "p90": 24.549100000000003,
    "p99": 31.946879999999997,
    "p99.9": 33.22388800000001,
    "p99.99": 33.301388799999984,
    "mean": 19.629556666666666,
    "std": 4.2366163377695125,
    "min": 11.707,
    "max": 33.31
  }
}