{
  "meta": {
    "label": "emc2133_gpu816_cproxyv2",
    "backend": "onnxruntime-cuda",
    "model": "compute_proxy_fp16.onnx",
    "hz": 3.0,
    "period_us": 333333.333,
    "deadline_us": 333333.333,
    "iters": 300,
    "warmup": 50,
    "cpu": 5,
    "prio": 80,
    "mlock": true,
    "host": "jetson-orin",
    "kernel": "5.15.185-tegra",
    "python": "3.10.12",
    "timestamp": "2026-06-12T01:17:32.163143+00:00",
    "rt_warnings": []
  },
  "deadline_miss_count": 0,
  "deadline_miss_rate": 0.0,
  "response_us": {
    "p50": 19441.9655,
    "p90": 19571.4966,
    "p99": 19676.329999999998,
    "p99.9": 19966.476604000003,
    "p99.99": 20015.40006039999,
    "mean": 19459.015369999997,
    "std": 87.4024397274265,
    "min": 19317.388,
    "max": 20020.836
  },
  "compute_us": {
    "p50": 19416.9045,
    "p90": 19537.396699999998,
    "p99": 19637.89723,
    "p99.9": 19898.638049000005,
    "p99.99": 19949.16130489999,
    "mean": 19433.051380000004,
    "std": 80.86495562715834,
    "min": 19304.134,
    "max": 19954.775
  },
  "release_jitter_us": {
    "p50": 24.309,
    "p90": 34.36640000000001,
    "p99": 42.21456999999997,
    "p99.9": 70.22844500000014,
    "p99.99": 71.82824449999967,
    "mean": 25.96399,
    "std": 7.264808713464749,
    "min": 13.254,
    "max": 72.006
  }
}