{
  "meta": {
    "label": "emc2133_gpu1020_proxy",
    "backend": "onnxruntime-cuda",
    "model": "decode_proxy_fp16.onnx",
    "hz": 8.0,
    "period_us": 125000.0,
    "deadline_us": 125000.0,
    "iters": 300,
    "warmup": 50,
    "cpu": 5,
    "prio": 80,
    "mlock": true,
    "host": "jetson-orin",
    "kernel": "5.15.185-tegra",
    "python": "3.10.12",
    "timestamp": "2026-06-12T01:25:20.710585+00:00",
    "rt_warnings": []
  },
  "deadline_miss_count": 0,
  "deadline_miss_rate": 0.0,
  "response_us": {
    "p50": 6572.0395,
    "p90": 6630.7429,
    "p99": 6655.80326,
    "p99.9": 6674.845494,
    "p99.99": 6675.5704494,
    "mean": 6582.212483333334,
    "std": 26.077397335043266,
    "min": 6549.397,
    "max": 6675.651
  },
  "compute_us": {
    "p50": 6556.303,
    "p90": 6602.4832,
    "p99": 6625.597119999999,
    "p99.9": 6642.244157,
    "p99.99": 6642.3133157,
    "mean": 6564.948206666667,
    "std": 21.24636668038299,
    "min": 6535.822,
    "max": 6642.321
  },
  "release_jitter_us": {
    "p50": 15.498000000000001,
    "p90": 27.1718,
    "p99": 32.48301,
    "p99.9": 33.16854000000001,
    "p99.99": 33.31385399999997,
    "mean": 17.264276666666667,
    "std": 5.333244458437617,
    "min": 10.531,
    "max": 33.33
  }
}