{
  "meta": {
    "label": "emc2133_gpu408_vit",
    "backend": "onnxruntime-cuda",
    "model": "vit_small_patch16_224.onnx",
    "hz": 3.0,
    "period_us": 333333.333,
    "deadline_us": 333333.333,
    "iters": 300,
    "warmup": 50,
    "cpu": 5,
    "prio": 80,
    "mlock": true,
    "host": "jetson-orin",
    "kernel": "5.15.185-tegra",
    "python": "3.10.12",
    "timestamp": "2026-06-12T00:56:05.262218+00:00",
    "rt_warnings": []
  },
  "deadline_miss_count": 0,
  "deadline_miss_rate": 0.0,
  "response_us": {
    "p50": 25220.563000000002,
    "p90": 25274.0799,
    "p99": 25354.10721,
    "p99.9": 25452.878751,
    "p99.99": 25473.074975099997,
    "mean": 25226.631793333334,
    "std": 41.90195512157662,
    "min": 25119.655,
    "max": 25475.319
  },
  "compute_us": {
    "p50": 25199.36,
    "p90": 25253.9305,
    "p99": 25335.07991,
    "p99.9": 25419.098648000003,
    "p99.99": 25440.639564799996,
    "mean": 25205.94168,
    "std": 40.31380105047905,
    "min": 25106.993,
    "max": 25443.033
  },
  "release_jitter_us": {
    "p50": 21.1885,
    "p90": 25.9987,
    "p99": 32.29683999999999,
    "p99.9": 36.30317700000007,
    "p99.99": 37.185017699999825,
    "mean": 20.690113333333333,
    "std": 4.282984542016882,
    "min": 10.319,
    "max": 37.283
  }
}