{
  "meta": {
    "label": "emc2133_gpu408_proxy",
    "backend": "onnxruntime-cuda",
    "model": "decode_proxy_fp16.onnx",
    "hz": 8.0,
    "period_us": 125000.0,
    "deadline_us": 125000.0,
    "iters": 300,
    "warmup": 50,
    "cpu": 5,
    "prio": 80,
    "mlock": true,
    "host": "jetson-orin",
    "kernel": "5.15.185-tegra",
    "python": "3.10.12",
    "timestamp": "2026-06-12T00:56:45.433410+00:00",
    "rt_warnings": []
  },
  "deadline_miss_count": 0,
  "deadline_miss_rate": 0.0,
  "response_us": {
    "p50": 10624.5795,
    "p90": 10644.2664,
    "p99": 10693.18037,
    "p99.9": 10868.066775000003,
    "p99.99": 10910.12037749999,
    "mean": 10628.73451,
    "std": 24.416821090726884,
    "min": 10603.607,
    "max": 10914.793
  },
  "compute_us": {
    "p50": 10610.7265,
    "p90": 10628.8711,
    "p99": 10673.930919999999,
    "p99.9": 10821.700111000004,
    "p99.99": 10855.448211099994,
    "mean": 10613.734199999999,
    "std": 21.269529210900156,
    "min": 10589.238,
    "max": 10859.198
  },
  "release_jitter_us": {
    "p50": 14.054,
    "p90": 19.6213,
    "p99": 26.132019999999997,
    "p99.9": 47.4167520000006,
    "p99.99": 54.7771751999985,
    "mean": 15.000309999999999,
    "std": 4.138088829467858,
    "min": 8.849,
    "max": 55.595
  }
}