{
  "meta": {
    "label": "emc2133_gpu306_mobilenet",
    "backend": "onnxruntime-cuda",
    "model": "mobilenetv2-12.onnx",
    "hz": 8.0,
    "period_us": 125000.0,
    "deadline_us": 125000.0,
    "iters": 300,
    "warmup": 50,
    "cpu": 5,
    "prio": 80,
    "mlock": true,
    "host": "jetson-orin",
    "kernel": "5.15.185-tegra",
    "python": "3.10.12",
    "timestamp": "2026-06-12T00:49:33.751557+00:00",
    "rt_warnings": []
  },
  "deadline_miss_count": 0,
  "deadline_miss_rate": 0.0,
  "response_us": {
    "p50": 11634.176,
    "p90": 11663.153900000001,
    "p99": 11697.377499999999,
    "p99.9": 11794.101226,
    "p99.99": 11803.795822599997,
    "mean": 11637.345743333333,
    "std": 22.577078682389065,
    "min": 11598.307,
    "max": 11804.873
  },
  "compute_us": {
    "p50": 11618.909,
    "p90": 11643.8242,
    "p99": 11675.17593,
    "p99.9": 11770.276456000001,
    "p99.99": 11778.956545599998,
    "mean": 11621.266776666665,
    "std": 20.74891710748917,
    "min": 11584.269,
    "max": 11779.921
  },
  "release_jitter_us": {
    "p50": 15.380500000000001,
    "p90": 19.929199999999998,
    "p99": 23.81745999999999,
    "p99.9": 28.201991000000092,
    "p99.99": 29.356699099999766,
    "mean": 16.078966666666666,
    "std": 2.6055762508299174,
    "min": 11.093,
    "max": 29.485
  }
}