{
  "meta": {
    "label": "emc2133_gpu612_cproxyv2",
    "backend": "onnxruntime-cuda",
    "model": "compute_proxy_fp16.onnx",
    "hz": 3.0,
    "period_us": 333333.333,
    "deadline_us": 333333.333,
    "iters": 300,
    "warmup": 50,
    "cpu": 5,
    "prio": 80,
    "mlock": true,
    "host": "jetson-orin",
    "kernel": "5.15.185-tegra",
    "python": "3.10.12",
    "timestamp": "2026-06-12T01:08:00.977201+00:00",
    "rt_warnings": []
  },
  "deadline_miss_count": 0,
  "deadline_miss_rate": 0.0,
  "response_us": {
    "p50": 24333.694,
    "p90": 24364.3221,
    "p99": 24409.535949999998,
    "p99.9": 24487.775486,
    "p99.99": 24493.503548599998,
    "mean": 24334.55498666667,
    "std": 36.48769306336714,
    "min": 23906.745,
    "max": 24494.14
  },
  "compute_us": {
    "p50": 24313.5135,
    "p90": 24340.7632,
    "p99": 24382.783819999997,
    "p99.9": 24451.369158999998,
    "p99.99": 24458.327815899996,
    "mean": 24313.48531666667,
    "std": 34.597515891217526,
    "min": 23892.943,
    "max": 24459.101
  },
  "release_jitter_us": {
    "p50": 20.3005,
    "p90": 26.644399999999997,
    "p99": 29.381039999999988,
    "p99.9": 38.2446730000001,
    "p99.99": 39.47526729999975,
    "mean": 21.06967,
    "std": 4.148470576943589,
    "min": 12.048,
    "max": 39.612
  }
}