{
  "meta": {
    "label": "emc2133_gpu1020_mobilenet",
    "backend": "onnxruntime-cuda",
    "model": "mobilenetv2-12.onnx",
    "hz": 8.0,
    "period_us": 125000.0,
    "deadline_us": 125000.0,
    "iters": 300,
    "warmup": 50,
    "cpu": 5,
    "prio": 80,
    "mlock": true,
    "host": "jetson-orin",
    "kernel": "5.15.185-tegra",
    "python": "3.10.12",
    "timestamp": "2026-06-12T01:22:58.221012+00:00",
    "rt_warnings": []
  },
  "deadline_miss_count": 0,
  "deadline_miss_rate": 0.0,
  "response_us": {
    "p50": 4764.472,
    "p90": 4833.560600000001,
    "p99": 4898.63886,
    "p99.9": 4910.641053,
    "p99.99": 4912.2430053,
    "mean": 4774.63742,
    "std": 38.125028959599085,
    "min": 4717.059,
    "max": 4912.421
  },
  "compute_us": {
    "p50": 4745.3745,
    "p90": 4809.5434000000005,
    "p99": 4863.46696,
    "p99.9": 4874.8884960000005,
    "p99.99": 4875.7754496,
    "mean": 4755.286276666667,
    "std": 33.98109185081397,
    "min": 4703.325,
    "max": 4875.874
  },
  "release_jitter_us": {
    "p50": 18.5745,
    "p90": 25.1204,
    "p99": 36.56107999999998,
    "p99.9": 39.023163000000004,
    "p99.99": 39.0401163,
    "mean": 19.351143333333336,
    "std": 4.620699808050965,
    "min": 11.676,
    "max": 39.042
  }
}