{
  "meta": {
    "label": "emc2133_gpu714_proxy",
    "backend": "onnxruntime-cuda",
    "model": "decode_proxy_fp16.onnx",
    "hz": 8.0,
    "period_us": 125000.0,
    "deadline_us": 125000.0,
    "iters": 300,
    "warmup": 50,
    "cpu": 5,
    "prio": 80,
    "mlock": true,
    "host": "jetson-orin",
    "kernel": "5.15.185-tegra",
    "python": "3.10.12",
    "timestamp": "2026-06-12T01:11:04.423554+00:00",
    "rt_warnings": []
  },
  "deadline_miss_count": 0,
  "deadline_miss_rate": 0.0,
  "response_us": {
    "p50": 6645.145,
    "p90": 6657.64,
    "p99": 6667.22909,
    "p99.9": 6721.8034830000015,
    "p99.99": 6740.205348299996,
    "mean": 6646.501389999999,
    "std": 9.33055014836927,
    "min": 6633.153,
    "max": 6742.25
  },
  "compute_us": {
    "p50": 6630.9955,
    "p90": 6641.2863,
    "p99": 6652.68499,
    "p99.9": 6693.379229000001,
    "p99.99": 6707.622422899997,
    "mean": 6632.6835200000005,
    "std": 7.928885469993026,
    "min": 6620.819,
    "max": 6709.205
  },
  "release_jitter_us": {
    "p50": 13.741,
    "p90": 16.168100000000003,
    "p99": 18.257469999999994,
    "p99.9": 28.787838000000313,
    "p99.99": 32.619283799999224,
    "mean": 13.81787,
    "std": 2.1182003933606786,
    "min": 8.861,
    "max": 33.045
  }
}