{
  "meta": {
    "label": "emc2133_gpu408_mobilenet",
    "backend": "onnxruntime-cuda",
    "model": "mobilenetv2-12.onnx",
    "hz": 8.0,
    "period_us": 125000.0,
    "deadline_us": 125000.0,
    "iters": 300,
    "warmup": 50,
    "cpu": 5,
    "prio": 80,
    "mlock": true,
    "host": "jetson-orin",
    "kernel": "5.15.185-tegra",
    "python": "3.10.12",
    "timestamp": "2026-06-12T00:54:22.165933+00:00",
    "rt_warnings": []
  },
  "deadline_miss_count": 0,
  "deadline_miss_rate": 0.0,
  "response_us": {
    "p50": 9023.425,
    "p90": 9047.324400000001,
    "p99": 9123.228369999999,
    "p99.9": 9133.22055,
    "p99.99": 9135.790454999998,
    "mean": 9028.066666666668,
    "std": 21.615601740460992,
    "min": 8995.399,
    "max": 9136.076
  },
  "compute_us": {
    "p50": 9008.608,
    "p90": 9031.628900000002,
    "p99": 9097.18763,
    "p99.9": 9106.55105,
    "p99.99": 9109.255505,
    "mean": 9012.656833333333,
    "std": 19.990068778409896,
    "min": 8978.926,
    "max": 9109.556
  },
  "release_jitter_us": {
    "p50": 15.127500000000001,
    "p90": 16.913300000000003,
    "p99": 26.643449999999998,
    "p99.9": 30.136387000000074,
    "p99.99": 31.07473869999981,
    "mean": 15.409833333333335,
    "std": 2.626377955579805,
    "min": 9.759,
    "max": 31.179
  }
}