{
  "meta": {
    "label": "emc2133_gpu816_vit",
    "backend": "onnxruntime-cuda",
    "model": "vit_small_patch16_224.onnx",
    "hz": 3.0,
    "period_us": 333333.333,
    "deadline_us": 333333.333,
    "iters": 300,
    "warmup": 50,
    "cpu": 5,
    "prio": 80,
    "mlock": true,
    "host": "jetson-orin",
    "kernel": "5.15.185-tegra",
    "python": "3.10.12",
    "timestamp": "2026-06-12T01:15:09.943894+00:00",
    "rt_warnings": []
  },
  "deadline_miss_count": 0,
  "deadline_miss_rate": 0.0,
  "response_us": {
    "p50": 14923.563,
    "p90": 15071.3738,
    "p99": 15504.656079999999,
    "p99.9": 16009.348373000004,
    "p99.99": 16065.394637299987,
    "mean": 14951.301566666669,
    "std": 154.20120808733057,
    "min": 14714.482,
    "max": 16071.622
  },
  "compute_us": {
    "p50": 14903.2805,
    "p90": 15037.188900000001,
    "p99": 15455.454749999999,
    "p99.9": 15971.678049000006,
    "p99.99": 16028.659704899988,
    "mean": 14925.068076666668,
    "std": 148.07558514573157,
    "min": 14701.963,
    "max": 16034.991
  },
  "release_jitter_us": {
    "p50": 23.069,
    "p90": 37.207600000000006,
    "p99": 58.11459,
    "p99.9": 60.34318000000005,
    "p99.99": 60.92981799999988,
    "mean": 26.23349,
    "std": 8.510077046061333,
    "min": 12.519,
    "max": 60.995
  }
}