{
  "meta": {
    "label": "emc2133_gpu612_mobilenet",
    "backend": "onnxruntime-cuda",
    "model": "mobilenetv2-12.onnx",
    "hz": 8.0,
    "period_us": 125000.0,
    "deadline_us": 125000.0,
    "iters": 300,
    "warmup": 50,
    "cpu": 5,
    "prio": 80,
    "mlock": true,
    "host": "jetson-orin",
    "kernel": "5.15.185-tegra",
    "python": "3.10.12",
    "timestamp": "2026-06-12T01:03:55.736170+00:00",
    "rt_warnings": []
  },
  "deadline_miss_count": 0,
  "deadline_miss_rate": 0.0,
  "response_us": {
    "p50": 6508.471,
    "p90": 6539.7215,
    "p99": 6590.45444,
    "p99.9": 6606.314429,
    "p99.99": 6607.4255428999995,
    "mean": 6513.006373333334,
    "std": 20.870503826707765,
    "min": 6481.183,
    "max": 6607.549
  },
  "compute_us": {
    "p50": 6492.148,
    "p90": 6522.357,
    "p99": 6567.7788,
    "p99.9": 6576.774861,
    "p99.99": 6576.8181861,
    "mean": 6496.769056666667,
    "std": 19.13019434454659,
    "min": 6465.747,
    "max": 6576.823
  },
  "release_jitter_us": {
    "p50": 15.8525,
    "p90": 19.6398,
    "p99": 26.601929999999996,
    "p99.9": 29.824653000000076,
    "p99.99": 30.780765299999807,
    "mean": 16.237316666666665,
    "std": 2.7880517085811416,
    "min": 10.156,
    "max": 30.887
  }
}