{
  "meta": {
    "label": "emc2133_gpu510_cproxyv2",
    "backend": "onnxruntime-cuda",
    "model": "compute_proxy_fp16.onnx",
    "hz": 3.0,
    "period_us": 333333.333,
    "deadline_us": 333333.333,
    "iters": 300,
    "warmup": 50,
    "cpu": 5,
    "prio": 80,
    "mlock": true,
    "host": "jetson-orin",
    "kernel": "5.15.185-tegra",
    "python": "3.10.12",
    "timestamp": "2026-06-12T01:03:14.907802+00:00",
    "rt_warnings": []
  },
  "deadline_miss_count": 0,
  "deadline_miss_rate": 0.0,
  "response_us": {
    "p50": 29201.692,
    "p90": 29276.1456,
    "p99": 29375.769,
    "p99.9": 29557.465772000003,
    "p99.99": 29585.014077199994,
    "mean": 29214.22842333333,
    "std": 52.94293596899834,
    "min": 29099.708,
    "max": 29588.075
  },
  "compute_us": {
    "p50": 29179.516,
    "p90": 29249.9613,
    "p99": 29340.08676,
    "p99.9": 29502.354346000004,
    "p99.99": 29523.383434599997,
    "mean": 29190.444333333337,
    "std": 49.12345619174431,
    "min": 29084.367,
    "max": 29525.72
  },
  "release_jitter_us": {
    "p50": 23.0845,
    "p90": 29.224700000000002,
    "p99": 38.05574,
    "p99.9": 57.820665000000325,
    "p99.99": 61.90156649999917,
    "mean": 23.78409,
    "std": 4.806021235412233,
    "min": 15.341,
    "max": 62.355
  }
}