{
  "meta": {
    "label": "emc2133_gpu816_mobilenet",
    "backend": "onnxruntime-cuda",
    "model": "mobilenetv2-12.onnx",
    "hz": 8.0,
    "period_us": 125000.0,
    "deadline_us": 125000.0,
    "iters": 300,
    "warmup": 50,
    "cpu": 5,
    "prio": 80,
    "mlock": true,
    "host": "jetson-orin",
    "kernel": "5.15.185-tegra",
    "python": "3.10.12",
    "timestamp": "2026-06-12T01:13:27.382967+00:00",
    "rt_warnings": []
  },
  "deadline_miss_count": 0,
  "deadline_miss_rate": 0.0,
  "response_us": {
    "p50": 5318.424999999999,
    "p90": 5355.2385,
    "p99": 5430.57353,
    "p99.9": 5602.100673000001,
    "p99.99": 5617.055367299997,
    "mean": 5327.042780000001,
    "std": 30.898478185259098,
    "min": 5296.989,
    "max": 5618.717
  },
  "compute_us": {
    "p50": 5303.119000000001,
    "p90": 5334.8352,
    "p99": 5416.21864,
    "p99.9": 5561.892346000001,
    "p99.99": 5575.386634599998,
    "mean": 5310.753556666666,
    "std": 28.26464243915808,
    "min": 5283.055,
    "max": 5576.886
  },
  "release_jitter_us": {
    "p50": 15.482,
    "p90": 20.6365,
    "p99": 24.80838999999998,
    "p99.9": 40.208327000000125,
    "p99.99": 41.66873269999971,
    "mean": 16.289223333333332,
    "std": 3.381380086117041,
    "min": 10.7,
    "max": 41.831
  }
}