{
  "meta": {
    "label": "emc2133_gpu612_vit",
    "backend": "onnxruntime-cuda",
    "model": "vit_small_patch16_224.onnx",
    "hz": 3.0,
    "period_us": 333333.333,
    "deadline_us": 333333.333,
    "iters": 300,
    "warmup": 50,
    "cpu": 5,
    "prio": 80,
    "mlock": true,
    "host": "jetson-orin",
    "kernel": "5.15.185-tegra",
    "python": "3.10.12",
    "timestamp": "2026-06-12T01:05:38.484876+00:00",
    "rt_warnings": []
  },
  "deadline_miss_count": 0,
  "deadline_miss_rate": 0.0,
  "response_us": {
    "p50": 17903.795,
    "p90": 17974.1793,
    "p99": 18047.23499,
    "p99.9": 18072.858393,
    "p99.99": 18075.3591393,
    "mean": 17913.659696666666,
    "std": 47.99755518264782,
    "min": 17813.737,
    "max": 18075.637
  },
  "compute_us": {
    "p50": 17882.5415,
    "p90": 17946.9175,
    "p99": 18019.69728,
    "p99.9": 18040.4404,
    "p99.99": 18042.16264,
    "mean": 17891.399736666666,
    "std": 45.21533264392364,
    "min": 17792.81,
    "max": 18042.354
  },
  "release_jitter_us": {
    "p50": 22.253500000000003,
    "p90": 27.793200000000002,
    "p99": 36.96259,
    "p99.9": 39.090980000000044,
    "p99.99": 39.623797999999894,
    "mean": 22.25996,
    "std": 4.5154068260862905,
    "min": 12.484,
    "max": 39.683
  }
}