{
  "meta": {
    "label": "emc2133_gpu714_mobilenet",
    "backend": "onnxruntime-cuda",
    "model": "mobilenetv2-12.onnx",
    "hz": 8.0,
    "period_us": 125000.0,
    "deadline_us": 125000.0,
    "iters": 300,
    "warmup": 50,
    "cpu": 5,
    "prio": 80,
    "mlock": true,
    "host": "jetson-orin",
    "kernel": "5.15.185-tegra",
    "python": "3.10.12",
    "timestamp": "2026-06-12T01:08:41.758520+00:00",
    "rt_warnings": []
  },
  "deadline_miss_count": 0,
  "deadline_miss_rate": 0.0,
  "response_us": {
    "p50": 5829.128500000001,
    "p90": 5865.5153,
    "p99": 5901.75442,
    "p99.9": 5940.590421000001,
    "p99.99": 5951.817542099997,
    "mean": 5836.084833333334,
    "std": 18.922723878947455,
    "min": 5809.197,
    "max": 5953.065
  },
  "compute_us": {
    "p50": 5815.085999999999,
    "p90": 5844.517400000001,
    "p99": 5880.0249699999995,
    "p99.9": 5912.4734690000005,
    "p99.99": 5920.861046899998,
    "mean": 5820.2085,
    "std": 16.577295924546895,
    "min": 5794.622,
    "max": 5921.793
  },
  "release_jitter_us": {
    "p50": 14.9805,
    "p90": 20.563200000000002,
    "p99": 22.987,
    "p99.9": 28.90810600000017,
    "p99.99": 31.035610599999565,
    "mean": 15.876333333333331,
    "std": 2.8626379516491816,
    "min": 11.111,
    "max": 31.272
  }
}