{
  "meta": {
    "label": "emc2133_gpu510_mobilenet",
    "backend": "onnxruntime-cuda",
    "model": "mobilenetv2-12.onnx",
    "hz": 8.0,
    "period_us": 125000.0,
    "deadline_us": 125000.0,
    "iters": 300,
    "warmup": 50,
    "cpu": 5,
    "prio": 80,
    "mlock": true,
    "host": "jetson-orin",
    "kernel": "5.15.185-tegra",
    "python": "3.10.12",
    "timestamp": "2026-06-12T00:59:09.237492+00:00",
    "rt_warnings": []
  },
  "deadline_miss_count": 0,
  "deadline_miss_rate": 0.0,
  "response_us": {
    "p50": 7535.146500000001,
    "p90": 7559.3449,
    "p99": 7647.39415,
    "p99.9": 7905.311468000007,
    "p99.99": 7999.460946799981,
    "mean": 7542.187783333333,
    "std": 35.191652561316126,
    "min": 7514.339,
    "max": 8009.922
  },
  "compute_us": {
    "p50": 7518.999,
    "p90": 7540.6215,
    "p99": 7624.9863000000005,
    "p99.9": 7857.929109000007,
    "p99.99": 7942.106010899983,
    "mean": 7525.418943333334,
    "std": 32.131419575447566,
    "min": 7498.71,
    "max": 7951.459
  },
  "release_jitter_us": {
    "p50": 16.2765,
    "p90": 19.3516,
    "p99": 27.525159999999993,
    "p99.9": 49.43738600000066,
    "p99.99": 57.56043859999835,
    "mean": 16.76884,
    "std": 3.5838088092233193,
    "min": 11.093,
    "max": 58.463
  }
}