{
  "meta": {
    "label": "emc2133_gpu918_vit",
    "backend": "onnxruntime-cuda",
    "model": "vit_small_patch16_224.onnx",
    "hz": 3.0,
    "period_us": 333333.333,
    "deadline_us": 333333.333,
    "iters": 300,
    "warmup": 50,
    "cpu": 5,
    "prio": 80,
    "mlock": true,
    "host": "jetson-orin",
    "kernel": "5.15.185-tegra",
    "python": "3.10.12",
    "timestamp": "2026-06-12T01:19:55.406880+00:00",
    "rt_warnings": []
  },
  "deadline_miss_count": 0,
  "deadline_miss_rate": 0.0,
  "response_us": {
    "p50": 13961.053,
    "p90": 14109.3683,
    "p99": 14212.956359999998,
    "p99.9": 14419.155766000003,
    "p99.99": 14469.89887659999,
    "mean": 14003.468473333334,
    "std": 86.8147464210389,
    "min": 13822.52,
    "max": 14475.537
  },
  "compute_us": {
    "p50": 13938.3405,
    "p90": 14076.545600000001,
    "p99": 14176.62445,
    "p99.9": 14369.974945000004,
    "p99.99": 14418.80179449999,
    "mean": 13978.281616666667,
    "std": 81.16163896100414,
    "min": 13808.561,
    "max": 14424.227
  },
  "release_jitter_us": {
    "p50": 23.314,
    "p90": 34.7019,
    "p99": 39.06331999999999,
    "p99.9": 49.18082100000016,
    "p99.99": 51.09708209999961,
    "mean": 25.186856666666667,
    "std": 6.625042268251744,
    "min": 13.713,
    "max": 51.31
  }
}