{
  "meta": {
    "label": "emc2133_gpu306_vit",
    "backend": "onnxruntime-cuda",
    "model": "vit_small_patch16_224.onnx",
    "hz": 3.0,
    "period_us": 333333.333,
    "deadline_us": 333333.333,
    "iters": 300,
    "warmup": 50,
    "cpu": 5,
    "prio": 80,
    "mlock": true,
    "host": "jetson-orin",
    "kernel": "5.15.185-tegra",
    "python": "3.10.12",
    "timestamp": "2026-06-12T00:51:17.301499+00:00",
    "rt_warnings": []
  },
  "deadline_miss_count": 0,
  "deadline_miss_rate": 0.0,
  "response_us": {
    "p50": 32815.3825,
    "p90": 32873.4291,
    "p99": 32939.94545,
    "p99.9": 33070.902995000004,
    "p99.99": 33106.82649949999,
    "mean": 32817.672329999994,
    "std": 57.264835289798704,
    "min": 32140.835,
    "max": 33110.818
  },
  "compute_us": {
    "p50": 32793.762,
    "p90": 32848.3554,
    "p99": 32910.705630000004,
    "p99.9": 33034.875911,
    "p99.99": 33067.76289109999,
    "mean": 32796.501886666665,
    "std": 55.87032193959342,
    "min": 32126.401,
    "max": 33071.417
  },
  "release_jitter_us": {
    "p50": 21.0615,
    "p90": 25.5404,
    "p99": 31.43809999999999,
    "p99.9": 37.67158400000013,
    "p99.99": 39.22805839999969,
    "mean": 21.17044333333333,
    "std": 3.733619612849648,
    "min": 10.525,
    "max": 39.401
  }
}