{
  "meta": {
    "label": "emc2133_gpu918_proxy",
    "backend": "onnxruntime-cuda",
    "model": "decode_proxy_fp16.onnx",
    "hz": 8.0,
    "period_us": 125000.0,
    "deadline_us": 125000.0,
    "iters": 300,
    "warmup": 50,
    "cpu": 5,
    "prio": 80,
    "mlock": true,
    "host": "jetson-orin",
    "kernel": "5.15.185-tegra",
    "python": "3.10.12",
    "timestamp": "2026-06-12T01:20:35.387005+00:00",
    "rt_warnings": []
  },
  "deadline_miss_count": 0,
  "deadline_miss_rate": 0.0,
  "response_us": {
    "p50": 6601.4439999999995,
    "p90": 6649.679,
    "p99": 6681.71465,
    "p99.9": 6709.962993,
    "p99.99": 6717.468999299998,
    "mean": 6609.607843333334,
    "std": 26.35833513758895,
    "min": 6570.743,
    "max": 6718.303
  },
  "compute_us": {
    "p50": 6585.248,
    "p90": 6626.9098,
    "p99": 6652.34728,
    "p99.9": 6674.965168000001,
    "p99.99": 6681.845516799998,
    "mean": 6591.659783333333,
    "std": 22.259445270934346,
    "min": 6558.064,
    "max": 6682.61
  },
  "release_jitter_us": {
    "p50": 16.7265,
    "p90": 24.808400000000017,
    "p99": 35.42075,
    "p99.9": 36.385957,
    "p99.99": 36.4012957,
    "mean": 17.948059999999998,
    "std": 4.967547719925128,
    "min": 10.309,
    "max": 36.403
  }
}