{
  "meta": {
    "label": "emc2133_gpu816_proxy",
    "backend": "onnxruntime-cuda",
    "model": "decode_proxy_fp16.onnx",
    "hz": 8.0,
    "period_us": 125000.0,
    "deadline_us": 125000.0,
    "iters": 300,
    "warmup": 50,
    "cpu": 5,
    "prio": 80,
    "mlock": true,
    "host": "jetson-orin",
    "kernel": "5.15.185-tegra",
    "python": "3.10.12",
    "timestamp": "2026-06-12T01:15:49.922728+00:00",
    "rt_warnings": []
  },
  "deadline_miss_count": 0,
  "deadline_miss_rate": 0.0,
  "response_us": {
    "p50": 6622.543,
    "p90": 6679.2439,
    "p99": 6700.57186,
    "p99.9": 6712.7391689999995,
    "p99.99": 6713.511216899999,
    "mean": 6632.475640000001,
    "std": 27.455475307433066,
    "min": 6599.132,
    "max": 6713.597
  },
  "compute_us": {
    "p50": 6606.2575,
    "p90": 6652.510899999999,
    "p99": 6671.20621,
    "p99.9": 6679.409173,
    "p99.99": 6681.3125173,
    "mean": 6614.7185266666675,
    "std": 22.23019280009259,
    "min": 6587.313,
    "max": 6681.524
  },
  "release_jitter_us": {
    "p50": 15.5125,
    "p90": 27.22500000000001,
    "p99": 32.08742999999999,
    "p99.9": 35.534284000000056,
    "p99.99": 36.20272839999986,
    "mean": 17.757113333333336,
    "std": 5.702001276203139,
    "min": 10.091,
    "max": 36.277
  }
}