{
  "meta": {
    "label": "emc2133_gpu918_mobilenet",
    "backend": "onnxruntime-cuda",
    "model": "mobilenetv2-12.onnx",
    "hz": 8.0,
    "period_us": 125000.0,
    "deadline_us": 125000.0,
    "iters": 300,
    "warmup": 50,
    "cpu": 5,
    "prio": 80,
    "mlock": true,
    "host": "jetson-orin",
    "kernel": "5.15.185-tegra",
    "python": "3.10.12",
    "timestamp": "2026-06-12T01:18:12.860156+00:00",
    "rt_warnings": []
  },
  "deadline_miss_count": 0,
  "deadline_miss_rate": 0.0,
  "response_us": {
    "p50": 4966.6975,
    "p90": 5055.7534000000005,
    "p99": 5085.79792,
    "p99.9": 5103.445239000001,
    "p99.99": 5105.3125239,
    "mean": 4977.868693333334,
    "std": 39.60756195458077,
    "min": 4925.255,
    "max": 5105.52
  },
  "compute_us": {
    "p50": 4949.8765,
    "p90": 5027.5142,
    "p99": 5054.4083200000005,
    "p99.9": 5066.916547,
    "p99.99": 5067.897954699999,
    "mean": 4959.223656666667,
    "std": 35.38606513236701,
    "min": 4908.867,
    "max": 5068.007
  },
  "release_jitter_us": {
    "p50": 16.7575,
    "p90": 26.9817,
    "p99": 34.22424999999999,
    "p99.9": 36.95357100000004,
    "p99.99": 37.45705709999989,
    "mean": 18.64503666666667,
    "std": 4.869095258394748,
    "min": 11.692,
    "max": 37.513
  }
}