{
  "meta": {
    "label": "emc2133_gpu1020_cproxyv2",
    "backend": "onnxruntime-cuda",
    "model": "compute_proxy_fp16.onnx",
    "hz": 3.0,
    "period_us": 333333.333,
    "deadline_us": 333333.333,
    "iters": 300,
    "warmup": 50,
    "cpu": 5,
    "prio": 80,
    "mlock": true,
    "host": "jetson-orin",
    "kernel": "5.15.185-tegra",
    "python": "3.10.12",
    "timestamp": "2026-06-12T01:27:02.811068+00:00",
    "rt_warnings": []
  },
  "deadline_miss_count": 0,
  "deadline_miss_rate": 0.0,
  "response_us": {
    "p50": 16678.357,
    "p90": 16785.6653,
    "p99": 16844.279560000003,
    "p99.9": 16887.229244000002,
    "p99.99": 16899.458224399998,
    "mean": 16710.56567333333,
    "std": 58.70690784425015,
    "min": 16578.269,
    "max": 16900.817
  },
  "compute_us": {
    "p50": 16660.475,
    "p90": 16755.0882,
    "p99": 16808.66044,
    "p99.9": 16849.57781,
    "p99.99": 16862.443481,
    "mean": 16685.91423,
    "std": 53.197137325083254,
    "min": 16564.376,
    "max": 16863.873
  },
  "release_jitter_us": {
    "p50": 23.387999999999998,
    "p90": 34.47580000000001,
    "p99": 37.22344,
    "p99.9": 39.144354000000014,
    "p99.99": 39.29343539999997,
    "mean": 24.651443333333333,
    "std": 6.713177740840937,
    "min": 11.787,
    "max": 39.31
  }
}