{
  "meta": {
    "label": "emc2133_gpu510_vit",
    "backend": "onnxruntime-cuda",
    "model": "vit_small_patch16_224.onnx",
    "hz": 3.0,
    "period_us": 333333.333,
    "deadline_us": 333333.333,
    "iters": 300,
    "warmup": 50,
    "cpu": 5,
    "prio": 80,
    "mlock": true,
    "host": "jetson-orin",
    "kernel": "5.15.185-tegra",
    "python": "3.10.12",
    "timestamp": "2026-06-12T01:00:52.111441+00:00",
    "rt_warnings": []
  },
  "deadline_miss_count": 0,
  "deadline_miss_rate": 0.0,
  "response_us": {
    "p50": 20859.8185,
    "p90": 20931.5358,
    "p99": 21135.16207,
    "p99.9": 21206.680001,
    "p99.99": 21217.255900099997,
    "mean": 20873.829726666667,
    "std": 60.28344289221236,
    "min": 20790.495,
    "max": 21218.431
  },
  "compute_us": {
    "p50": 20840.959000000003,
    "p90": 20908.6372,
    "p99": 21099.97758,
    "p99.9": 21173.652061,
    "p99.99": 21185.320506099997,
    "mean": 20852.858826666663,
    "std": 57.566316620427294,
    "min": 20773.545,
    "max": 21186.617
  },
  "release_jitter_us": {
    "p50": 21.07,
    "p90": 25.893000000000004,
    "p99": 32.71996999999998,
    "p99.9": 36.48877700000002,
    "p99.99": 36.72477769999995,
    "mean": 20.9709,
    "std": 4.084204958536402,
    "min": 11.672,
    "max": 36.751
  }
}