{
  "meta": {
    "label": "emc2133_gpu714_vit",
    "backend": "onnxruntime-cuda",
    "model": "vit_small_patch16_224.onnx",
    "hz": 3.0,
    "period_us": 333333.333,
    "deadline_us": 333333.333,
    "iters": 300,
    "warmup": 50,
    "cpu": 5,
    "prio": 80,
    "mlock": true,
    "host": "jetson-orin",
    "kernel": "5.15.185-tegra",
    "python": "3.10.12",
    "timestamp": "2026-06-12T01:10:24.447104+00:00",
    "rt_warnings": []
  },
  "deadline_miss_count": 0,
  "deadline_miss_rate": 0.0,
  "response_us": {
    "p50": 16029.597,
    "p90": 16113.3549,
    "p99": 16193.3305,
    "p99.9": 16399.386184,
    "p99.99": 16402.4496184,
    "mean": 16039.305703333333,
    "std": 63.14905500466331,
    "min": 15940.149,
    "max": 16402.79
  },
  "compute_us": {
    "p50": 16009.474999999999,
    "p90": 16091.396999999999,
    "p99": 16162.964740000001,
    "p99.9": 16359.033109,
    "p99.99": 16364.3637109,
    "mean": 16017.86629,
    "std": 59.6405025141967,
    "min": 15918.961,
    "max": 16364.956
  },
  "release_jitter_us": {
    "p50": 20.926000000000002,
    "p90": 26.192800000000016,
    "p99": 36.662609999999994,
    "p99.9": 43.739925000000184,
    "p99.99": 46.00709249999954,
    "mean": 21.439413333333334,
    "std": 4.723009079935752,
    "min": 10.733,
    "max": 46.259
  }
}