{
  "meta": {
    "label": "emc2133_gpu510_proxy",
    "backend": "onnxruntime-cuda",
    "model": "decode_proxy_fp16.onnx",
    "hz": 8.0,
    "period_us": 125000.0,
    "deadline_us": 125000.0,
    "iters": 300,
    "warmup": 50,
    "cpu": 5,
    "prio": 80,
    "mlock": true,
    "host": "jetson-orin",
    "kernel": "5.15.185-tegra",
    "python": "3.10.12",
    "timestamp": "2026-06-12T01:01:32.177587+00:00",
    "rt_warnings": []
  },
  "deadline_miss_count": 0,
  "deadline_miss_rate": 0.0,
  "response_us": {
    "p50": 8564.5255,
    "p90": 8579.2953,
    "p99": 8591.80649,
    "p99.9": 8622.165750000002,
    "p99.99": 8633.131574999998,
    "mean": 8566.147153333332,
    "std": 9.554725378392124,
    "min": 8549.878,
    "max": 8634.35
  },
  "compute_us": {
    "p50": 8550.928,
    "p90": 8561.1145,
    "p99": 8571.57062,
    "p99.9": 8600.591610000001,
    "p99.99": 8610.443360999998,
    "mean": 8551.766543333331,
    "std": 7.827899318130559,
    "min": 8537.36,
    "max": 8611.538
  },
  "release_jitter_us": {
    "p50": 13.9955,
    "p90": 18.286700000000003,
    "p99": 21.45453,
    "p99.9": 23.334245000000017,
    "p99.99": 23.534724499999957,
    "mean": 14.38061,
    "std": 2.5364065850266724,
    "min": 9.991,
    "max": 23.557
  }
}