{
  "meta": {
    "label": "emc2133_gpu306_cproxyv2",
    "backend": "onnxruntime-cuda",
    "model": "compute_proxy_fp16.onnx",
    "hz": 3.0,
    "period_us": 333333.333,
    "deadline_us": 333333.333,
    "iters": 300,
    "warmup": 50,
    "cpu": 5,
    "prio": 80,
    "mlock": true,
    "host": "jetson-orin",
    "kernel": "5.15.185-tegra",
    "python": "3.10.12",
    "timestamp": "2026-06-12T00:53:41.350457+00:00",
    "rt_warnings": []
  },
  "deadline_miss_count": 0,
  "deadline_miss_rate": 0.0,
  "response_us": {
    "p50": 47384.303499999995,
    "p90": 47450.851500000004,
    "p99": 47504.514970000004,
    "p99.9": 47677.202813,
    "p99.99": 47735.25118129999,
    "mean": 47388.05421,
    "std": 61.28195227078893,
    "min": 46750.826,
    "max": 47741.701
  },
  "compute_us": {
    "p50": 47362.966499999995,
    "p90": 47427.918,
    "p99": 47473.505529999995,
    "p99.9": 47623.373357000004,
    "p99.99": 47673.01073569999,
    "mean": 47366.44267,
    "std": 59.14571489985062,
    "min": 46733.006,
    "max": 47678.526
  },
  "release_jitter_us": {
    "p50": 21.347,
    "p90": 26.739400000000007,
    "p99": 33.18685,
    "p99.9": 54.8831320000006,
    "p99.99": 62.34581319999848,
    "mean": 21.611539999999998,
    "std": 4.760550475354714,
    "min": 11.554,
    "max": 63.175
  }
}