{
  "meta": {
    "label": "emc3199_gpu306_mobilenet",
    "backend": "onnxruntime-cuda",
    "model": "mobilenetv2-12.onnx",
    "hz": 8.0,
    "period_us": 125000.0,
    "deadline_us": 125000.0,
    "iters": 300,
    "warmup": 50,
    "cpu": 5,
    "prio": 80,
    "mlock": true,
    "host": "jetson-orin",
    "kernel": "5.15.185-tegra",
    "python": "3.10.12",
    "timestamp": "2026-06-12T00:11:14.214093+00:00",
    "rt_warnings": []
  },
  "deadline_miss_count": 0,
  "deadline_miss_rate": 0.0,
  "response_us": {
    "p50": 11415.0785,
    "p90": 11487.8673,
    "p99": 11791.16152,
    "p99.9": 11894.102346000001,
    "p99.99": 11907.327534599997,
    "mean": 11433.78504,
    "std": 68.27081837831643,
    "min": 11367.458,
    "max": 11908.797
  },
  "compute_us": {
    "p50": 11400.18,
    "p90": 11468.6363,
    "p99": 11738.58549,
    "p99.9": 11842.379413,
    "p99.99": 11856.725941299997,
    "mean": 11417.350656666666,
    "std": 62.99023916876952,
    "min": 11355.939,
    "max": 11858.32
  },
  "release_jitter_us": {
    "p50": 14.765,
    "p90": 20.7558,
    "p99": 50.497819999999976,
    "p99.9": 54.529782000000004,
    "p99.99": 54.632578199999976,
    "mean": 16.434383333333336,
    "std": 5.805382248372816,
    "min": 10.207,
    "max": 54.644
  }
}