{
  "meta": {
    "label": "emc3199_gpu408_mobilenet",
    "backend": "onnxruntime-cuda",
    "model": "mobilenetv2-12.onnx",
    "hz": 8.0,
    "period_us": 125000.0,
    "deadline_us": 125000.0,
    "iters": 300,
    "warmup": 50,
    "cpu": 5,
    "prio": 80,
    "mlock": true,
    "host": "jetson-orin",
    "kernel": "5.15.185-tegra",
    "python": "3.10.12",
    "timestamp": "2026-06-12T00:16:13.614084+00:00",
    "rt_warnings": []
  },
  "deadline_miss_count": 0,
  "deadline_miss_rate": 0.0,
  "response_us": {
    "p50": 8788.168000000001,
    "p90": 8808.362000000001,
    "p99": 8850.51574,
    "p99.9": 8901.689518000001,
    "p99.99": 8918.889851799995,
    "mean": 8789.75807,
    "std": 18.863717331916096,
    "min": 8755.447,
    "max": 8920.801
  },
  "compute_us": {
    "p50": 8771.681,
    "p90": 8789.901899999999,
    "p99": 8829.70152,
    "p99.9": 8876.004042000002,
    "p99.99": 8893.399204199997,
    "mean": 8773.324936666666,
    "std": 16.725431901727443,
    "min": 8741.952,
    "max": 8895.332
  },
  "release_jitter_us": {
    "p50": 16.0845,
    "p90": 20.089100000000002,
    "p99": 25.50869,
    "p99.9": 26.75294500000003,
    "p99.99": 27.14179449999992,
    "mean": 16.433133333333334,
    "std": 2.948535402911456,
    "min": 9.793,
    "max": 27.185
  }
}