{
  "meta": {
    "label": "emc3199_gpu918_mobilenet",
    "backend": "onnxruntime-cuda",
    "model": "mobilenetv2-12.onnx",
    "hz": 8.0,
    "period_us": 125000.0,
    "deadline_us": 125000.0,
    "iters": 300,
    "warmup": 50,
    "cpu": 5,
    "prio": 80,
    "mlock": true,
    "host": "jetson-orin",
    "kernel": "5.15.185-tegra",
    "python": "3.10.12",
    "timestamp": "2026-06-12T00:40:00.332150+00:00",
    "rt_warnings": []
  },
  "deadline_miss_count": 0,
  "deadline_miss_rate": 0.0,
  "response_us": {
    "p50": 4498.5575,
    "p90": 4515.6788,
    "p99": 4554.550499999999,
    "p99.9": 4563.893695,
    "p99.99": 4564.2152695,
    "mean": 4501.97544,
    "std": 16.087135117842884,
    "min": 4479.083,
    "max": 4564.251
  },
  "compute_us": {
    "p50": 4484.148,
    "p90": 4500.757,
    "p99": 4533.014,
    "p99.9": 4538.899152,
    "p99.99": 4540.716115199999,
    "mean": 4487.02891,
    "std": 14.104224138246657,
    "min": 4464.916,
    "max": 4540.918
  },
  "release_jitter_us": {
    "p50": 14.371500000000001,
    "p90": 18.801700000000004,
    "p99": 23.978299999999997,
    "p99.9": 27.68532900000009,
    "p99.99": 28.76953289999978,
    "mean": 14.94653,
    "std": 2.796645165628513,
    "min": 10.074,
    "max": 28.89
  }
}