{
  "meta": {
    "label": "emc3199_gpu612_vit",
    "backend": "onnxruntime-cuda",
    "model": "vit_small_patch16_224.onnx",
    "hz": 3.0,
    "period_us": 333333.333,
    "deadline_us": 333333.333,
    "iters": 300,
    "warmup": 50,
    "cpu": 5,
    "prio": 80,
    "mlock": true,
    "host": "jetson-orin",
    "kernel": "5.15.185-tegra",
    "python": "3.10.12",
    "timestamp": "2026-06-12T00:27:28.317109+00:00",
    "rt_warnings": []
  },
  "deadline_miss_count": 0,
  "deadline_miss_rate": 0.0,
  "response_us": {
    "p50": 17064.6385,
    "p90": 17112.200800000002,
    "p99": 17178.640529999997,
    "p99.9": 17235.039929000002,
    "p99.99": 17250.009692899996,
    "mean": 17071.359436666666,
    "std": 32.85874555800923,
    "min": 16969.67,
    "max": 17251.673
  },
  "compute_us": {
    "p50": 17048.531,
    "p90": 17094.464799999998,
    "p99": 17156.30167,
    "p99.9": 17215.340338,
    "p99.99": 17232.761333799997,
    "mean": 17054.82616333333,
    "std": 31.307859567899577,
    "min": 16957.569,
    "max": 17234.697
  },
  "release_jitter_us": {
    "p50": 16.102,
    "p90": 19.9234,
    "p99": 26.712079999999986,
    "p99.9": 29.740948000000028,
    "p99.99": 30.103694799999925,
    "mean": 16.533273333333334,
    "std": 2.9449779408266465,
    "min": 9.602,
    "max": 30.144
  }
}