{
  "meta": {
    "label": "emc3199_gpu714_proxy",
    "backend": "onnxruntime-cuda",
    "model": "decode_proxy_fp16.onnx",
    "hz": 8.0,
    "period_us": 125000.0,
    "deadline_us": 125000.0,
    "iters": 300,
    "warmup": 50,
    "cpu": 5,
    "prio": 80,
    "mlock": true,
    "host": "jetson-orin",
    "kernel": "5.15.185-tegra",
    "python": "3.10.12",
    "timestamp": "2026-06-12T00:32:53.130072+00:00",
    "rt_warnings": []
  },
  "deadline_miss_count": 0,
  "deadline_miss_rate": 0.0,
  "response_us": {
    "p50": 6180.532,
    "p90": 6189.313,
    "p99": 6276.54482,
    "p99.9": 6451.0673990000005,
    "p99.99": 6460.243439899998,
    "mean": 6184.630093333333,
    "std": 24.70343790942106,
    "min": 6172.815,
    "max": 6461.263
  },
  "compute_us": {
    "p50": 6167.426,
    "p90": 6175.8163,
    "p99": 6259.896169999999,
    "p99.9": 6399.720085000001,
    "p99.99": 6404.990408499999,
    "mean": 6171.406163333333,
    "std": 21.89843849767959,
    "min": 6158.754,
    "max": 6405.576
  },
  "release_jitter_us": {
    "p50": 12.932500000000001,
    "p90": 14.4393,
    "p99": 19.235569999999953,
    "p99.9": 51.34731400000032,
    "p99.99": 55.2530313999992,
    "mean": 13.223930000000001,
    "std": 3.2593600524898543,
    "min": 8.876,
    "max": 55.687
  }
}