{
  "meta": {
    "label": "emc3199_gpu816_proxy",
    "backend": "onnxruntime-cuda",
    "model": "decode_proxy_fp16.onnx",
    "hz": 8.0,
    "period_us": 125000.0,
    "deadline_us": 125000.0,
    "iters": 300,
    "warmup": 50,
    "cpu": 5,
    "prio": 80,
    "mlock": true,
    "host": "jetson-orin",
    "kernel": "5.15.185-tegra",
    "python": "3.10.12",
    "timestamp": "2026-06-12T00:37:37.830672+00:00",
    "rt_warnings": []
  },
  "deadline_miss_count": 0,
  "deadline_miss_rate": 0.0,
  "response_us": {
    "p50": 5459.998,
    "p90": 5481.410000000001,
    "p99": 5506.900930000001,
    "p99.9": 5513.722641,
    "p99.99": 5514.5140641,
    "mean": 5463.8523,
    "std": 12.859211167745359,
    "min": 5447.17,
    "max": 5514.602
  },
  "compute_us": {
    "p50": 5447.118,
    "p90": 5464.974,
    "p99": 5484.3679600000005,
    "p99.9": 5488.23964,
    "p99.99": 5488.411864,
    "mean": 5449.53392,
    "std": 10.200820139916859,
    "min": 5434.35,
    "max": 5488.431
  },
  "release_jitter_us": {
    "p50": 13.449,
    "p90": 18.4791,
    "p99": 24.16552999999999,
    "p99.9": 26.749107000000006,
    "p99.99": 26.80481069999999,
    "mean": 14.318379999999998,
    "std": 3.1970665641490794,
    "min": 9.026,
    "max": 26.811
  }
}