{
  "meta": {
    "label": "emc3199_gpu918_cproxyv2",
    "backend": "onnxruntime-cuda",
    "model": "compute_proxy_fp16.onnx",
    "hz": 3.0,
    "period_us": 333333.333,
    "deadline_us": 333333.333,
    "iters": 300,
    "warmup": 50,
    "cpu": 5,
    "prio": 80,
    "mlock": true,
    "host": "jetson-orin",
    "kernel": "5.15.185-tegra",
    "python": "3.10.12",
    "timestamp": "2026-06-12T00:44:04.256212+00:00",
    "rt_warnings": []
  },
  "deadline_miss_count": 0,
  "deadline_miss_rate": 0.0,
  "response_us": {
    "p50": 17270.798499999997,
    "p90": 17629.9602,
    "p99": 18054.033579999996,
    "p99.9": 19029.147246000008,
    "p99.99": 19133.570424599977,
    "mean": 17276.86483333333,
    "std": 310.52017103725404,
    "min": 16630.523,
    "max": 19145.173
  },
  "compute_us": {
    "p50": 17250.192,
    "p90": 17605.2442,
    "p99": 18031.832609999994,
    "p99.9": 19006.317327000008,
    "p99.99": 19112.995832699977,
    "mean": 17254.49993,
    "std": 309.7771539996965,
    "min": 16611.247,
    "max": 19124.849
  },
  "release_jitter_us": {
    "p50": 20.508499999999998,
    "p90": 30.861800000000002,
    "p99": 40.11827,
    "p99.9": 41.167173,
    "p99.99": 41.186817299999994,
    "mean": 22.36490333333333,
    "std": 5.937395961248967,
    "min": 12.194,
    "max": 41.189
  }
}