{
  "meta": {
    "label": "emc3199_gpu408_cproxyv2",
    "backend": "onnxruntime-cuda",
    "model": "compute_proxy_fp16.onnx",
    "hz": 3.0,
    "period_us": 333333.333,
    "deadline_us": 333333.333,
    "iters": 300,
    "warmup": 50,
    "cpu": 5,
    "prio": 80,
    "mlock": true,
    "host": "jetson-orin",
    "kernel": "5.15.185-tegra",
    "python": "3.10.12",
    "timestamp": "2026-06-12T00:20:19.383079+00:00",
    "rt_warnings": []
  },
  "deadline_miss_count": 0,
  "deadline_miss_rate": 0.0,
  "response_us": {
    "p50": 35417.8675,
    "p90": 35465.8598,
    "p99": 35603.38335,
    "p99.9": 35730.498632,
    "p99.99": 35738.6340632,
    "mean": 35424.158859999996,
    "std": 52.786507277211044,
    "min": 34920.228,
    "max": 35739.538
  },
  "compute_us": {
    "p50": 35398.787,
    "p90": 35444.9021,
    "p99": 35567.56504,
    "p99.9": 35680.355069,
    "p99.99": 35689.1732069,
    "mean": 35404.44782333333,
    "std": 49.7146479833873,
    "min": 34907.419,
    "max": 35690.153
  },
  "release_jitter_us": {
    "p50": 18.977,
    "p90": 25.1506,
    "p99": 35.81830999999996,
    "p99.9": 51.16343700000005,
    "p99.99": 51.84614369999986,
    "mean": 19.711036666666665,
    "std": 4.532533335268724,
    "min": 11.348,
    "max": 51.922
  }
}