{
  "meta": {
    "label": "emc3199_gpu612_cproxyv2",
    "backend": "onnxruntime-cuda",
    "model": "compute_proxy_fp16.onnx",
    "hz": 3.0,
    "period_us": 333333.333,
    "deadline_us": 333333.333,
    "iters": 300,
    "warmup": 50,
    "cpu": 5,
    "prio": 80,
    "mlock": true,
    "host": "jetson-orin",
    "kernel": "5.15.185-tegra",
    "python": "3.10.12",
    "timestamp": "2026-06-12T00:29:50.427734+00:00",
    "rt_warnings": []
  },
  "deadline_miss_count": 0,
  "deadline_miss_rate": 0.0,
  "response_us": {
    "p50": 24017.7645,
    "p90": 24057.3148,
    "p99": 24086.549049999998,
    "p99.9": 24102.415305,
    "p99.99": 24104.5156305,
    "mean": 24020.466856666666,
    "std": 25.680513659636738,
    "min": 23955.071,
    "max": 24104.749
  },
  "compute_us": {
    "p50": 24001.495499999997,
    "p90": 24034.6041,
    "p99": 24062.09668,
    "p99.9": 24079.543513999997,
    "p99.99": 24081.619351399997,
    "mean": 24002.81079666667,
    "std": 23.487087673343478,
    "min": 23941.718,
    "max": 24081.85
  },
  "release_jitter_us": {
    "p50": 17.0055,
    "p90": 23.6748,
    "p99": 28.106689999999997,
    "p99.9": 30.503847000000064,
    "p99.99": 31.29688469999984,
    "mean": 17.65606,
    "std": 4.027350218576312,
    "min": 10.152,
    "max": 31.385
  }
}