{
  "meta": {
    "label": "emc3199_gpu306_cproxyv2",
    "backend": "onnxruntime-cuda",
    "model": "compute_proxy_fp16.onnx",
    "hz": 3.0,
    "period_us": 333333.333,
    "deadline_us": 333333.333,
    "iters": 300,
    "warmup": 50,
    "cpu": 5,
    "prio": 80,
    "mlock": true,
    "host": "jetson-orin",
    "kernel": "5.15.185-tegra",
    "python": "3.10.12",
    "timestamp": "2026-06-12T00:15:32.885386+00:00",
    "rt_warnings": []
  },
  "deadline_miss_count": 0,
  "deadline_miss_rate": 0.0,
  "response_us": {
    "p50": 46631.115,
    "p90": 46683.5857,
    "p99": 46732.576709999994,
    "p99.9": 46807.120106,
    "p99.99": 46812.2077106,
    "mean": 46633.37792666667,
    "std": 51.06636095018535,
    "min": 46035.228,
    "max": 46812.773
  },
  "compute_us": {
    "p50": 46611.914,
    "p90": 46662.5015,
    "p99": 46709.39412,
    "p99.9": 46778.523341,
    "p99.99": 46786.2306341,
    "mean": 46613.744060000005,
    "std": 49.793631064923694,
    "min": 46021.915,
    "max": 46787.087
  },
  "release_jitter_us": {
    "p50": 19.348,
    "p90": 23.8035,
    "p99": 27.391069999999985,
    "p99.9": 34.685759000000054,
    "p99.99": 35.347475899999864,
    "mean": 19.633866666666666,
    "std": 3.148523301838851,
    "min": 13.123,
    "max": 35.421
  }
}