{
  "meta": {
    "label": "emc3199_gpu510_proxy",
    "backend": "onnxruntime-cuda",
    "model": "decode_proxy_fp16.onnx",
    "hz": 8.0,
    "period_us": 125000.0,
    "deadline_us": 125000.0,
    "iters": 300,
    "warmup": 50,
    "cpu": 5,
    "prio": 80,
    "mlock": true,
    "host": "jetson-orin",
    "kernel": "5.15.185-tegra",
    "python": "3.10.12",
    "timestamp": "2026-06-12T00:23:22.581205+00:00",
    "rt_warnings": []
  },
  "deadline_miss_count": 0,
  "deadline_miss_rate": 0.0,
  "response_us": {
    "p50": 8535.8915,
    "p90": 8548.142,
    "p99": 8570.498099999999,
    "p99.9": 8607.089194,
    "p99.99": 8616.882819399998,
    "mean": 8537.732376666669,
    "std": 10.785205814515354,
    "min": 8519.793,
    "max": 8617.971
  },
  "compute_us": {
    "p50": 8522.26,
    "p90": 8532.2642,
    "p99": 8551.91159,
    "p99.9": 8581.535272000001,
    "p99.99": 8591.188427199999,
    "mean": 8523.313486666668,
    "std": 9.03251538552921,
    "min": 8507.652,
    "max": 8592.261
  },
  "release_jitter_us": {
    "p50": 13.994499999999999,
    "p90": 17.592000000000002,
    "p99": 21.91064999999999,
    "p99.9": 25.55392200000001,
    "p99.99": 25.69439219999997,
    "mean": 14.418890000000001,
    "std": 2.510250159758319,
    "min": 9.472,
    "max": 25.71
  }
}