{
  "meta": {
    "label": "emc3199_gpu510_cproxyv2",
    "backend": "onnxruntime-cuda",
    "model": "compute_proxy_fp16.onnx",
    "hz": 3.0,
    "period_us": 333333.333,
    "deadline_us": 333333.333,
    "iters": 300,
    "warmup": 50,
    "cpu": 5,
    "prio": 80,
    "mlock": true,
    "host": "jetson-orin",
    "kernel": "5.15.185-tegra",
    "python": "3.10.12",
    "timestamp": "2026-06-12T00:25:05.165715+00:00",
    "rt_warnings": []
  },
  "deadline_miss_count": 0,
  "deadline_miss_rate": 0.0,
  "response_us": {
    "p50": 28781.927499999998,
    "p90": 28822.7701,
    "p99": 28865.96749,
    "p99.9": 28902.960123,
    "p99.99": 28903.2354123,
    "mean": 28784.609923333333,
    "std": 40.82375930318187,
    "min": 28283.065,
    "max": 28903.266
  },
  "compute_us": {
    "p50": 28761.167,
    "p90": 28802.3478,
    "p99": 28837.759710000002,
    "p99.9": 28875.135325,
    "p99.99": 28875.6264325,
    "mean": 28764.446013333338,
    "std": 39.908189444437895,
    "min": 28268.275,
    "max": 28875.681
  },
  "release_jitter_us": {
    "p50": 20.061,
    "p90": 23.8443,
    "p99": 28.215729999999997,
    "p99.9": 29.354568000000018,
    "p99.99": 29.615056799999945,
    "mean": 20.163909999999998,
    "std": 2.826440564013332,
    "min": 11.243,
    "max": 29.644
  }
}