{
  "meta": {
    "label": "emc3199_gpu408_vit",
    "backend": "onnxruntime-cuda",
    "model": "vit_small_patch16_224.onnx",
    "hz": 3.0,
    "period_us": 333333.333,
    "deadline_us": 333333.333,
    "iters": 300,
    "warmup": 50,
    "cpu": 5,
    "prio": 80,
    "mlock": true,
    "host": "jetson-orin",
    "kernel": "5.15.185-tegra",
    "python": "3.10.12",
    "timestamp": "2026-06-12T00:17:56.538803+00:00",
    "rt_warnings": []
  },
  "deadline_miss_count": 0,
  "deadline_miss_rate": 0.0,
  "response_us": {
    "p50": 24652.107,
    "p90": 24715.2647,
    "p99": 24863.43023,
    "p99.9": 24933.796854,
    "p99.99": 24934.3495854,
    "mean": 24661.363693333333,
    "std": 49.82811940292969,
    "min": 24551.196,
    "max": 24934.411
  },
  "compute_us": {
    "p50": 24633.737,
    "p90": 24693.7615,
    "p99": 24835.79058,
    "p99.9": 24902.247987,
    "p99.99": 24902.5404987,
    "mean": 24641.121446666668,
    "std": 47.61567205175726,
    "min": 24537.786,
    "max": 24902.573
  },
  "release_jitter_us": {
    "p50": 20.0755,
    "p90": 24.755000000000003,
    "p99": 28.797149999999995,
    "p99.9": 31.985841000000065,
    "p99.99": 32.83108409999983,
    "mean": 20.24224666666667,
    "std": 3.5231368720439393,
    "min": 11.499,
    "max": 32.925
  }
}