{
  "meta": {
    "label": "emc3199_gpu816_cproxyv2",
    "backend": "onnxruntime-cuda",
    "model": "compute_proxy_fp16.onnx",
    "hz": 3.0,
    "period_us": 333333.333,
    "deadline_us": 333333.333,
    "iters": 300,
    "warmup": 50,
    "cpu": 5,
    "prio": 80,
    "mlock": true,
    "host": "jetson-orin",
    "kernel": "5.15.185-tegra",
    "python": "3.10.12",
    "timestamp": "2026-06-12T00:39:19.897528+00:00",
    "rt_warnings": []
  },
  "deadline_miss_count": 0,
  "deadline_miss_rate": 0.0,
  "response_us": {
    "p50": 18587.194,
    "p90": 18641.386000000002,
    "p99": 18681.76744,
    "p99.9": 18740.454967,
    "p99.99": 18757.695396699997,
    "mean": 18593.70118333333,
    "std": 32.386179734927985,
    "min": 18535.057,
    "max": 18759.611
  },
  "compute_us": {
    "p50": 18570.067000000003,
    "p90": 18616.9672,
    "p99": 18654.39765,
    "p99.9": 18713.964237,
    "p99.99": 18731.815523699996,
    "mean": 18575.511303333333,
    "std": 30.278177814800184,
    "min": 18514.21,
    "max": 18733.799
  },
  "release_jitter_us": {
    "p50": 18.1905,
    "p90": 23.321400000000008,
    "p99": 28.116749999999996,
    "p99.9": 29.42912400000001,
    "p99.99": 29.516312399999983,
    "mean": 18.18988,
    "std": 3.8370468130581887,
    "min": 10.241,
    "max": 29.526
  }
}