{
  "meta": {
    "label": "emc3199_gpu918_vit",
    "backend": "onnxruntime-cuda",
    "model": "vit_small_patch16_224.onnx",
    "hz": 3.0,
    "period_us": 333333.333,
    "deadline_us": 333333.333,
    "iters": 300,
    "warmup": 50,
    "cpu": 5,
    "prio": 80,
    "mlock": true,
    "host": "jetson-orin",
    "kernel": "5.15.185-tegra",
    "python": "3.10.12",
    "timestamp": "2026-06-12T00:41:42.600026+00:00",
    "rt_warnings": []
  },
  "deadline_miss_count": 0,
  "deadline_miss_rate": 0.0,
  "response_us": {
    "p50": 12197.8425,
    "p90": 12255.0874,
    "p99": 12376.86152,
    "p99.9": 12615.620972000006,
    "p99.99": 12686.817297199985,
    "mean": 12204.044753333334,
    "std": 51.2761818247597,
    "min": 12101.405,
    "max": 12694.728
  },
  "compute_us": {
    "p50": 12177.8525,
    "p90": 12234.2124,
    "p99": 12353.04677,
    "p99.9": 12571.403774000004,
    "p99.99": 12634.904377399986,
    "mean": 12184.424873333333,
    "std": 48.38226727900717,
    "min": 12087.994,
    "max": 12641.96
  },
  "release_jitter_us": {
    "p50": 19.467,
    "p90": 22.816200000000006,
    "p99": 30.451409999999992,
    "p99.9": 47.2182610000004,
    "p99.99": 52.213026099998984,
    "mean": 19.61988,
    "std": 3.6555067773064427,
    "min": 12.9,
    "max": 52.768
  }
}