{
  "meta": {
    "label": "emc3199_gpu612_proxy",
    "backend": "onnxruntime-cuda",
    "model": "decode_proxy_fp16.onnx",
    "hz": 8.0,
    "period_us": 125000.0,
    "deadline_us": 125000.0,
    "iters": 300,
    "warmup": 50,
    "cpu": 5,
    "prio": 80,
    "mlock": true,
    "host": "jetson-orin",
    "kernel": "5.15.185-tegra",
    "python": "3.10.12",
    "timestamp": "2026-06-12T00:28:08.080485+00:00",
    "rt_warnings": []
  },
  "deadline_miss_count": 0,
  "deadline_miss_rate": 0.0,
  "response_us": {
    "p50": 7164.2125,
    "p90": 7178.7678,
    "p99": 7209.70839,
    "p99.9": 7217.881517,
    "p99.99": 7218.5857516999995,
    "mean": 7166.738133333333,
    "std": 12.098080932757682,
    "min": 7149.161,
    "max": 7218.664
  },
  "compute_us": {
    "p50": 7151.1645,
    "p90": 7165.3378,
    "p99": 7186.75736,
    "p99.9": 7195.4512079999995,
    "p99.99": 7196.691220799999,
    "mean": 7153.393423333333,
    "std": 10.418091182367412,
    "min": 7136.796,
    "max": 7196.829
  },
  "release_jitter_us": {
    "p50": 12.866499999999998,
    "p90": 15.118500000000003,
    "p99": 23.321450000000002,
    "p99.9": 24.18631400000001,
    "p99.99": 24.324631399999973,
    "mean": 13.344710000000001,
    "std": 2.4125967101652113,
    "min": 9.492,
    "max": 24.34
  }
}