{
  "meta": {
    "label": "emc3199_gpu714_cproxyv2",
    "backend": "onnxruntime-cuda",
    "model": "compute_proxy_fp16.onnx",
    "hz": 3.0,
    "period_us": 333333.333,
    "deadline_us": 333333.333,
    "iters": 300,
    "warmup": 50,
    "cpu": 5,
    "prio": 80,
    "mlock": true,
    "host": "jetson-orin",
    "kernel": "5.15.185-tegra",
    "python": "3.10.12",
    "timestamp": "2026-06-12T00:34:35.314736+00:00",
    "rt_warnings": []
  },
  "deadline_miss_count": 0,
  "deadline_miss_rate": 0.0,
  "response_us": {
    "p50": 20789.581,
    "p90": 20836.531199999998,
    "p99": 20887.704479999997,
    "p99.9": 20911.871198999997,
    "p99.99": 20915.611419899997,
    "mean": 20797.029223333335,
    "std": 28.974677663207643,
    "min": 20738.465,
    "max": 20916.027
  },
  "compute_us": {
    "p50": 20772.047,
    "p90": 20814.5664,
    "p99": 20861.88036,
    "p99.9": 20886.089808,
    "p99.99": 20889.9131808,
    "mean": 20778.529576666664,
    "std": 27.15763839224839,
    "min": 20724.254,
    "max": 20890.338
  },
  "release_jitter_us": {
    "p50": 18.250999999999998,
    "p90": 23.213900000000002,
    "p99": 27.597229999999985,
    "p99.9": 30.229959000000015,
    "p99.99": 30.407295899999962,
    "mean": 18.499646666666667,
    "std": 3.640245345461697,
    "min": 10.148,
    "max": 30.427
  }
}