{
  "meta": {
    "label": "emc3199_gpu1020_vit",
    "backend": "onnxruntime-cuda",
    "model": "vit_small_patch16_224.onnx",
    "hz": 3.0,
    "period_us": 333333.333,
    "deadline_us": 333333.333,
    "iters": 300,
    "warmup": 50,
    "cpu": 5,
    "prio": 80,
    "mlock": true,
    "host": "jetson-orin",
    "kernel": "5.15.185-tegra",
    "python": "3.10.12",
    "timestamp": "2026-06-12T00:46:27.055153+00:00",
    "rt_warnings": []
  },
  "deadline_miss_count": 0,
  "deadline_miss_rate": 0.0,
  "response_us": {
    "p50": 11443.16,
    "p90": 11494.558299999999,
    "p99": 11580.59257,
    "p99.9": 11740.443427000002,
    "p99.99": 11767.226142699994,
    "mean": 11451.00923,
    "std": 41.69173954214948,
    "min": 11381.571,
    "max": 11770.202
  },
  "compute_us": {
    "p50": 11424.7125,
    "p90": 11471.913999999999,
    "p99": 11553.78097,
    "p99.9": 11700.823399,
    "p99.99": 11723.454439899995,
    "mean": 11431.135760000001,
    "std": 39.250094693589396,
    "min": 11358.919,
    "max": 11725.969
  },
  "release_jitter_us": {
    "p50": 19.833,
    "p90": 23.7592,
    "p99": 28.81709999999999,
    "p99.9": 40.81782200000025,
    "p99.99": 43.89148219999937,
    "mean": 19.87347,
    "std": 3.728673520494029,
    "min": 11.714,
    "max": 44.233
  }
}