{
  "meta": {
    "label": "emc3199_gpu510_mobilenet",
    "backend": "onnxruntime-cuda",
    "model": "mobilenetv2-12.onnx",
    "hz": 8.0,
    "period_us": 125000.0,
    "deadline_us": 125000.0,
    "iters": 300,
    "warmup": 50,
    "cpu": 5,
    "prio": 80,
    "mlock": true,
    "host": "jetson-orin",
    "kernel": "5.15.185-tegra",
    "python": "3.10.12",
    "timestamp": "2026-06-12T00:21:00.052171+00:00",
    "rt_warnings": []
  },
  "deadline_miss_count": 0,
  "deadline_miss_rate": 0.0,
  "response_us": {
    "p50": 7214.422500000001,
    "p90": 7242.3675,
    "p99": 7279.61582,
    "p99.9": 7310.486872,
    "p99.99": 7318.686887199999,
    "mean": 7216.9026699999995,
    "std": 19.900710816813405,
    "min": 7181.067,
    "max": 7319.598
  },
  "compute_us": {
    "p50": 7197.539,
    "p90": 7223.9335,
    "p99": 7251.9192,
    "p99.9": 7286.680893000001,
    "p99.99": 7294.698189299998,
    "mean": 7200.448363333334,
    "std": 17.57262218067226,
    "min": 7168.675,
    "max": 7295.589
  },
  "release_jitter_us": {
    "p50": 16.261499999999998,
    "p90": 19.9067,
    "p99": 24.843439999999998,
    "p99.9": 27.253075000000035,
    "p99.99": 27.676907499999913,
    "mean": 16.454306666666664,
    "std": 2.963589898409622,
    "min": 9.805,
    "max": 27.724
  }
}