{
  "meta": {
    "label": "emc3199_gpu714_vit",
    "backend": "onnxruntime-cuda",
    "model": "vit_small_patch16_224.onnx",
    "hz": 3.0,
    "period_us": 333333.333,
    "deadline_us": 333333.333,
    "iters": 300,
    "warmup": 50,
    "cpu": 5,
    "prio": 80,
    "mlock": true,
    "host": "jetson-orin",
    "kernel": "5.15.185-tegra",
    "python": "3.10.12",
    "timestamp": "2026-06-12T00:32:13.419563+00:00",
    "rt_warnings": []
  },
  "deadline_miss_count": 0,
  "deadline_miss_rate": 0.0,
  "response_us": {
    "p50": 14911.3275,
    "p90": 14948.440100000002,
    "p99": 15026.703829999999,
    "p99.9": 15069.242117,
    "p99.99": 15072.798811699999,
    "mean": 14917.671426666668,
    "std": 29.869685260778258,
    "min": 14845.331,
    "max": 15073.194
  },
  "compute_us": {
    "p50": 14893.894,
    "p90": 14931.7551,
    "p99": 15001.22088,
    "p99.9": 15046.958736,
    "p99.99": 15051.6776736,
    "mean": 14899.528553333332,
    "std": 28.864672179912617,
    "min": 14832.357,
    "max": 15052.202
  },
  "release_jitter_us": {
    "p50": 18.3935,
    "p90": 20.3806,
    "p99": 25.62199999999999,
    "p99.9": 27.562748000000003,
    "p99.99": 27.602574799999992,
    "mean": 18.142873333333334,
    "std": 2.58556312189219,
    "min": 10.333,
    "max": 27.607
  }
}