{
  "meta": {
    "label": "emc3199_gpu1020_proxy",
    "backend": "onnxruntime-cuda",
    "model": "decode_proxy_fp16.onnx",
    "hz": 8.0,
    "period_us": 125000.0,
    "deadline_us": 125000.0,
    "iters": 300,
    "warmup": 50,
    "cpu": 5,
    "prio": 80,
    "mlock": true,
    "host": "jetson-orin",
    "kernel": "5.15.185-tegra",
    "python": "3.10.12",
    "timestamp": "2026-06-12T00:47:06.685900+00:00",
    "rt_warnings": []
  },
  "deadline_miss_count": 0,
  "deadline_miss_rate": 0.0,
  "response_us": {
    "p50": 4545.0985,
    "p90": 4560.0172999999995,
    "p99": 4589.725079999999,
    "p99.9": 4621.410654000001,
    "p99.99": 4629.713465399998,
    "mean": 4547.965056666667,
    "std": 12.456900428014016,
    "min": 4530.738,
    "max": 4630.636
  },
  "compute_us": {
    "p50": 4531.126,
    "p90": 4545.0652,
    "p99": 4565.33724,
    "p99.9": 4569.003341,
    "p99.99": 4570.252234099999,
    "mean": 4533.416496666666,
    "std": 9.537885085104321,
    "min": 4516.789,
    "max": 4570.391
  },
  "release_jitter_us": {
    "p50": 13.8965,
    "p90": 16.429100000000005,
    "p99": 24.63497999999999,
    "p99.9": 61.653123000001,
    "p99.99": 74.03791229999749,
    "mean": 14.548559999999998,
    "std": 4.429434092492327,
    "min": 9.385,
    "max": 75.414
  }
}