{
  "meta": {
    "label": "emc3199_gpu510_vit",
    "backend": "onnxruntime-cuda",
    "model": "vit_small_patch16_224.onnx",
    "hz": 3.0,
    "period_us": 333333.333,
    "deadline_us": 333333.333,
    "iters": 300,
    "warmup": 50,
    "cpu": 5,
    "prio": 80,
    "mlock": true,
    "host": "jetson-orin",
    "kernel": "5.15.185-tegra",
    "python": "3.10.12",
    "timestamp": "2026-06-12T00:22:42.744707+00:00",
    "rt_warnings": []
  },
  "deadline_miss_count": 0,
  "deadline_miss_rate": 0.0,
  "response_us": {
    "p50": 20125.5205,
    "p90": 20189.406,
    "p99": 20403.017529999997,
    "p99.9": 20567.153417,
    "p99.99": 20567.2925417,
    "mean": 20139.128403333336,
    "std": 62.93785043713617,
    "min": 20041.701,
    "max": 20567.308
  },
  "compute_us": {
    "p50": 20105.7415,
    "p90": 20167.0308,
    "p99": 20365.639170000002,
    "p99.9": 20518.392820999998,
    "p99.99": 20518.6944821,
    "mean": 20118.77881333333,
    "std": 59.72552860610351,
    "min": 20025.309,
    "max": 20518.728
  },
  "release_jitter_us": {
    "p50": 19.903,
    "p90": 23.723700000000008,
    "p99": 33.297639999999966,
    "p99.9": 49.00340400000001,
    "p99.99": 49.16594039999996,
    "mean": 20.349590000000003,
    "std": 4.126418240463917,
    "min": 11.31,
    "max": 49.184
  }
}