{
  "meta": {
    "label": "emc3199_gpu1020_cproxyv2",
    "backend": "onnxruntime-cuda",
    "model": "compute_proxy_fp16.onnx",
    "hz": 3.0,
    "period_us": 333333.333,
    "deadline_us": 333333.333,
    "iters": 300,
    "warmup": 50,
    "cpu": 5,
    "prio": 80,
    "mlock": true,
    "host": "jetson-orin",
    "kernel": "5.15.185-tegra",
    "python": "3.10.12",
    "timestamp": "2026-06-12T00:48:48.751859+00:00",
    "rt_warnings": []
  },
  "deadline_miss_count": 0,
  "deadline_miss_rate": 0.0,
  "response_us": {
    "p50": 18650.9935,
    "p90": 18851.250500000002,
    "p99": 18972.16215,
    "p99.9": 19005.313001000002,
    "p99.99": 19007.815900100002,
    "mean": 18677.657816666666,
    "std": 130.34863829470208,
    "min": 18445.75,
    "max": 19008.094
  },
  "compute_us": {
    "p50": 18628.419,
    "p90": 18830.152,
    "p99": 18936.3134,
    "p99.9": 18973.310453000002,
    "p99.99": 18976.6346453,
    "mean": 18655.75288666667,
    "std": 127.96316497500551,
    "min": 18424.83,
    "max": 18977.004
  },
  "release_jitter_us": {
    "p50": 20.3515,
    "p90": 30.388700000000004,
    "p99": 48.16696999999999,
    "p99.9": 50.75382000000002,
    "p99.99": 50.97448199999996,
    "mean": 21.904929999999997,
    "std": 6.43937378206142,
    "min": 12.228,
    "max": 50.999
  }
}