{
  "meta": {
    "label": "emc3199_gpu816_vit",
    "backend": "onnxruntime-cuda",
    "model": "vit_small_patch16_224.onnx",
    "hz": 3.0,
    "period_us": 333333.333,
    "deadline_us": 333333.333,
    "iters": 300,
    "warmup": 50,
    "cpu": 5,
    "prio": 80,
    "mlock": true,
    "host": "jetson-orin",
    "kernel": "5.15.185-tegra",
    "python": "3.10.12",
    "timestamp": "2026-06-12T00:36:58.150902+00:00",
    "rt_warnings": []
  },
  "deadline_miss_count": 0,
  "deadline_miss_rate": 0.0,
  "response_us": {
    "p50": 13395.2865,
    "p90": 13451.2792,
    "p99": 13513.14786,
    "p99.9": 13610.098282000003,
    "p99.99": 13641.551228199995,
    "mean": 13403.810899999999,
    "std": 41.876728783538,
    "min": 13300.925,
    "max": 13645.046
  },
  "compute_us": {
    "p50": 13376.3805,
    "p90": 13430.5036,
    "p99": 13484.64896,
    "p99.9": 13574.916634000003,
    "p99.99": 13604.203863399995,
    "mean": 13384.228860000001,
    "std": 39.31838980392932,
    "min": 13288.026,
    "max": 13607.458
  },
  "release_jitter_us": {
    "p50": 19.5195,
    "p90": 22.742100000000004,
    "p99": 29.963849999999994,
    "p99.9": 35.78831900000013,
    "p99.99": 37.40803189999967,
    "mean": 19.58204,
    "std": 3.6253589833835766,
    "min": 11.522,
    "max": 37.588
  }
}