{
  "meta": {
    "label": "emc3199_gpu408_proxy",
    "backend": "onnxruntime-cuda",
    "model": "decode_proxy_fp16.onnx",
    "hz": 8.0,
    "period_us": 125000.0,
    "deadline_us": 125000.0,
    "iters": 300,
    "warmup": 50,
    "cpu": 5,
    "prio": 80,
    "mlock": true,
    "host": "jetson-orin",
    "kernel": "5.15.185-tegra",
    "python": "3.10.12",
    "timestamp": "2026-06-12T00:18:36.468746+00:00",
    "rt_warnings": []
  },
  "deadline_miss_count": 0,
  "deadline_miss_rate": 0.0,
  "response_us": {
    "p50": 10588.3785,
    "p90": 10603.9769,
    "p99": 10633.9511,
    "p99.9": 10659.69359,
    "p99.99": 10667.656258999998,
    "mean": 10590.199333333332,
    "std": 12.194012276614382,
    "min": 10569.827,
    "max": 10668.541
  },
  "compute_us": {
    "p50": 10574.6735,
    "p90": 10586.5821,
    "p99": 10610.555989999999,
    "p99.9": 10631.54576,
    "p99.99": 10637.401375999998,
    "mean": 10575.728159999999,
    "std": 10.135213662000403,
    "min": 10557.281,
    "max": 10638.052
  },
  "release_jitter_us": {
    "p50": 13.514,
    "p90": 18.6076,
    "p99": 22.67738999999998,
    "p99.9": 29.325292000000086,
    "p99.99": 30.37262919999979,
    "mean": 14.471173333333333,
    "std": 2.869849161533678,
    "min": 8.945,
    "max": 30.489
  }
}