{
  "meta": {
    "label": "emc3199_gpu612_mobilenet",
    "backend": "onnxruntime-cuda",
    "model": "mobilenetv2-12.onnx",
    "hz": 8.0,
    "period_us": 125000.0,
    "deadline_us": 125000.0,
    "iters": 300,
    "warmup": 50,
    "cpu": 5,
    "prio": 80,
    "mlock": true,
    "host": "jetson-orin",
    "kernel": "5.15.185-tegra",
    "python": "3.10.12",
    "timestamp": "2026-06-12T00:25:45.772337+00:00",
    "rt_warnings": []
  },
  "deadline_miss_count": 0,
  "deadline_miss_rate": 0.0,
  "response_us": {
    "p50": 6182.1475,
    "p90": 6195.5921,
    "p99": 6219.46289,
    "p99.9": 6265.119463,
    "p99.99": 6267.908146299999,
    "mean": 6183.248783333333,
    "std": 12.610033629206624,
    "min": 6160.268,
    "max": 6268.218
  },
  "compute_us": {
    "p50": 6168.1955,
    "p90": 6180.581,
    "p99": 6200.4190499999995,
    "p99.9": 6241.661968,
    "p99.99": 6245.5283967999985,
    "mean": 6168.567696666666,
    "std": 11.54221753035304,
    "min": 6147.011,
    "max": 6245.958
  },
  "release_jitter_us": {
    "p50": 14.336500000000001,
    "p90": 16.8172,
    "p99": 20.852569999999996,
    "p99.9": 25.06750500000009,
    "p99.99": 26.145250499999783,
    "mean": 14.681086666666667,
    "std": 1.8303376316467468,
    "min": 11.022,
    "max": 26.265
  }
}