{
  "meta": {
    "label": "emc3199_gpu306_proxy",
    "backend": "onnxruntime-cuda",
    "model": "decode_proxy_fp16.onnx",
    "hz": 8.0,
    "period_us": 125000.0,
    "deadline_us": 125000.0,
    "iters": 300,
    "warmup": 50,
    "cpu": 5,
    "prio": 80,
    "mlock": true,
    "host": "jetson-orin",
    "kernel": "5.15.185-tegra",
    "python": "3.10.12",
    "timestamp": "2026-06-12T00:13:49.402704+00:00",
    "rt_warnings": []
  },
  "deadline_miss_count": 0,
  "deadline_miss_rate": 0.0,
  "response_us": {
    "p50": 14018.116999999998,
    "p90": 14032.933799999999,
    "p99": 14059.91598,
    "p99.9": 14084.437903,
    "p99.99": 14088.959590299999,
    "mean": 14019.433033333335,
    "std": 12.417857648250841,
    "min": 13993.002,
    "max": 14089.462
  },
  "compute_us": {
    "p50": 14003.2385,
    "p90": 14015.943000000001,
    "p99": 14035.99583,
    "p99.9": 14057.76784,
    "p99.99": 14062.030384,
    "mean": 14004.266896666668,
    "std": 10.284357514172818,
    "min": 13981.894,
    "max": 14062.504
  },
  "release_jitter_us": {
    "p50": 14.754999999999999,
    "p90": 18.285800000000002,
    "p99": 23.920149999999996,
    "p99.9": 26.67006300000002,
    "p99.99": 26.929206299999947,
    "mean": 15.166136666666668,
    "std": 2.8402323023517324,
    "min": 10.189,
    "max": 26.958
  }
}