{
  "meta": {
    "label": "emc3199_gpu306_vit",
    "backend": "onnxruntime-cuda",
    "model": "vit_small_patch16_224.onnx",
    "hz": 3.0,
    "period_us": 333333.333,
    "deadline_us": 333333.333,
    "iters": 300,
    "warmup": 50,
    "cpu": 5,
    "prio": 80,
    "mlock": true,
    "host": "jetson-orin",
    "kernel": "5.15.185-tegra",
    "python": "3.10.12",
    "timestamp": "2026-06-12T00:12:57.543517+00:00",
    "rt_warnings": []
  },
  "deadline_miss_count": 0,
  "deadline_miss_rate": 0.0,
  "response_us": {
    "p50": 32364.3105,
    "p90": 32614.7022,
    "p99": 32821.77104,
    "p99.9": 32830.74589,
    "p99.99": 32833.676389,
    "mean": 32412.470313333335,
    "std": 136.87455688031216,
    "min": 31668.843,
    "max": 32834.002
  },
  "compute_us": {
    "p50": 32345.9485,
    "p90": 32584.4637,
    "p99": 32769.076440000004,
    "p99.9": 32786.149429,
    "p99.99": 32791.566142899996,
    "mean": 32390.398273333336,
    "std": 130.54959366036064,
    "min": 31657.099,
    "max": 32792.168
  },
  "release_jitter_us": {
    "p50": 20.139499999999998,
    "p90": 29.898600000000002,
    "p99": 52.19217999999999,
    "p99.9": 56.17823300000007,
    "p99.99": 57.02132329999983,
    "mean": 22.072039999999998,
    "std": 7.550691029638722,
    "min": 11.744,
    "max": 57.115
  }
}