{
  "meta": {
    "label": "emc3199_gpu816_mobilenet",
    "backend": "onnxruntime-cuda",
    "model": "mobilenetv2-12.onnx",
    "hz": 8.0,
    "period_us": 125000.0,
    "deadline_us": 125000.0,
    "iters": 300,
    "warmup": 50,
    "cpu": 5,
    "prio": 80,
    "mlock": true,
    "host": "jetson-orin",
    "kernel": "5.15.185-tegra",
    "python": "3.10.12",
    "timestamp": "2026-06-12T00:35:15.817676+00:00",
    "rt_warnings": []
  },
  "deadline_miss_count": 0,
  "deadline_miss_rate": 0.0,
  "response_us": {
    "p50": 4907.870000000001,
    "p90": 4932.0357,
    "p99": 4966.68566,
    "p99.9": 5009.386256,
    "p99.99": 5011.0159256,
    "mean": 4912.286073333333,
    "std": 17.091671783492153,
    "min": 4890.038,
    "max": 5011.197
  },
  "compute_us": {
    "p50": 4893.216,
    "p90": 4912.6752,
    "p99": 4945.82949,
    "p99.9": 4979.842768,
    "p99.99": 4981.771676799999,
    "mean": 4896.891196666667,
    "std": 14.736866088079552,
    "min": 4877.471,
    "max": 4981.986
  },
  "release_jitter_us": {
    "p50": 14.6085,
    "p90": 19.5008,
    "p99": 25.513129999999986,
    "p99.9": 29.990512000000024,
    "p99.99": 30.28975119999994,
    "mean": 15.394876666666665,
    "std": 2.890412349150588,
    "min": 9.485,
    "max": 30.323
  }
}