{
  "meta": {
    "label": "emc3199_gpu918_proxy",
    "backend": "onnxruntime-cuda",
    "model": "decode_proxy_fp16.onnx",
    "hz": 8.0,
    "period_us": 125000.0,
    "deadline_us": 125000.0,
    "iters": 300,
    "warmup": 50,
    "cpu": 5,
    "prio": 80,
    "mlock": true,
    "host": "jetson-orin",
    "kernel": "5.15.185-tegra",
    "python": "3.10.12",
    "timestamp": "2026-06-12T00:42:22.246313+00:00",
    "rt_warnings": []
  },
  "deadline_miss_count": 0,
  "deadline_miss_rate": 0.0,
  "response_us": {
    "p50": 4892.5599999999995,
    "p90": 4907.439200000001,
    "p99": 4919.70871,
    "p99.9": 4926.346444,
    "p99.99": 4927.865244399999,
    "mean": 4893.92663,
    "std": 8.92326591107577,
    "min": 4875.545,
    "max": 4928.034
  },
  "compute_us": {
    "p50": 4879.0869999999995,
    "p90": 4889.9286,
    "p99": 4899.85436,
    "p99.9": 4906.304824,
    "p99.99": 4907.656782399999,
    "mean": 4879.794086666667,
    "std": 7.407107922742544,
    "min": 4864.318,
    "max": 4907.807
  },
  "release_jitter_us": {
    "p50": 13.439,
    "p90": 17.7236,
    "p99": 19.74821,
    "p99.9": 20.195007000000004,
    "p99.99": 20.223800699999995,
    "mean": 14.132543333333333,
    "std": 2.2172057012049096,
    "min": 8.564,
    "max": 20.227
  }
}