{
  "meta": {
    "label": "emc3199_gpu1020_mobilenet",
    "backend": "onnxruntime-cuda",
    "model": "mobilenetv2-12.onnx",
    "hz": 8.0,
    "period_us": 125000.0,
    "deadline_us": 125000.0,
    "iters": 300,
    "warmup": 50,
    "cpu": 5,
    "prio": 80,
    "mlock": true,
    "host": "jetson-orin",
    "kernel": "5.15.185-tegra",
    "python": "3.10.12",
    "timestamp": "2026-06-12T00:44:44.805155+00:00",
    "rt_warnings": []
  },
  "deadline_miss_count": 0,
  "deadline_miss_rate": 0.0,
  "response_us": {
    "p50": 4240.862499999999,
    "p90": 4267.1185000000005,
    "p99": 4317.81879,
    "p99.9": 4323.958819,
    "p99.99": 4325.7130819,
    "mean": 4245.725223333334,
    "std": 19.56059250500325,
    "min": 4219.49,
    "max": 4325.908
  },
  "compute_us": {
    "p50": 4225.742,
    "p90": 4247.857300000001,
    "p99": 4290.374680000001,
    "p99.9": 4298.068597,
    "p99.99": 4298.5252597,
    "mean": 4229.75318,
    "std": 17.136682289587633,
    "min": 4204.141,
    "max": 4298.576
  },
  "release_jitter_us": {
    "p50": 15.1905,
    "p90": 19.7282,
    "p99": 25.106539999999995,
    "p99.9": 27.439954000000004,
    "p99.99": 27.481395399999993,
    "mean": 15.972043333333334,
    "std": 2.9209330247009926,
    "min": 10.212,
    "max": 27.486
  }
}