{
  "meta": {
    "label": "emc3199_gpu714_mobilenet",
    "backend": "onnxruntime-cuda",
    "model": "mobilenetv2-12.onnx",
    "hz": 8.0,
    "period_us": 125000.0,
    "deadline_us": 125000.0,
    "iters": 300,
    "warmup": 50,
    "cpu": 5,
    "prio": 80,
    "mlock": true,
    "host": "jetson-orin",
    "kernel": "5.15.185-tegra",
    "python": "3.10.12",
    "timestamp": "2026-06-12T00:30:30.991832+00:00",
    "rt_warnings": []
  },
  "deadline_miss_count": 0,
  "deadline_miss_rate": 0.0,
  "response_us": {
    "p50": 5446.244000000001,
    "p90": 5458.200900000001,
    "p99": 5504.43462,
    "p99.9": 5531.8232179999995,
    "p99.99": 5532.527721799999,
    "mean": 5448.35203,
    "std": 12.315489705614661,
    "min": 5427.692,
    "max": 5532.606
  },
  "compute_us": {
    "p50": 5431.7105,
    "p90": 5443.7293,
    "p99": 5482.05792,
    "p99.9": 5512.059655999999,
    "p99.99": 5514.066065599999,
    "mean": 5433.900243333333,
    "std": 11.287178388956308,
    "min": 5415.054,
    "max": 5514.289
  },
  "release_jitter_us": {
    "p50": 14.2395,
    "p90": 15.9909,
    "p99": 23.163259999999994,
    "p99.9": 24.970160000000025,
    "p99.99": 25.282315999999938,
    "mean": 14.451786666666667,
    "std": 1.759023953168979,
    "min": 10.382,
    "max": 25.317
  }
}