{
  "meta": {
    "label": "emc665_gpu306_proxy",
    "backend": "onnxruntime-cuda",
    "model": "decode_proxy_fp16.onnx",
    "hz": 8.0,
    "period_us": 125000.0,
    "deadline_us": 125000.0,
    "iters": 300,
    "warmup": 50,
    "cpu": 5,
    "prio": 80,
    "mlock": true,
    "host": "jetson-orin",
    "kernel": "5.15.185-tegra",
    "python": "3.10.12",
    "timestamp": "2026-06-12T01:30:14.271464+00:00",
    "rt_warnings": []
  },
  "deadline_miss_count": 0,
  "deadline_miss_rate": 0.0,
  "response_us": {
    "p50": 21635.481,
    "p90": 21696.8431,
    "p99": 21742.84821,
    "p99.9": 21800.365744000002,
    "p99.99": 21813.2674744,
    "mean": 21645.490263333333,
    "std": 32.150658289486394,
    "min": 21598.581,
    "max": 21814.701
  },
  "compute_us": {
    "p50": 21617.8385,
    "p90": 21667.6544,
    "p99": 21725.201670000002,
    "p99.9": 21760.812717,
    "p99.99": 21771.258371699998,
    "mean": 21626.10246,
    "std": 27.96922169793802,
    "min": 21585.406,
    "max": 21772.419
  },
  "release_jitter_us": {
    "p50": 18.5225,
    "p90": 28.131400000000006,
    "p99": 38.94131999999999,
    "p99.9": 42.06941100000001,
    "p99.99": 42.260741099999954,
    "mean": 19.387803333333334,
    "std": 5.862412758525471,
    "min": 11.313,
    "max": 42.282
  }
}