{
  "meta": {
    "label": "emc665_gpu918_vit",
    "backend": "onnxruntime-cuda",
    "model": "vit_small_patch16_224.onnx",
    "hz": 3.0,
    "period_us": 333333.333,
    "deadline_us": 333333.333,
    "iters": 300,
    "warmup": 50,
    "cpu": 5,
    "prio": 80,
    "mlock": true,
    "host": "jetson-orin",
    "kernel": "5.15.185-tegra",
    "python": "3.10.12",
    "timestamp": "2026-06-12T01:58:39.568804+00:00",
    "rt_warnings": []
  },
  "deadline_miss_count": 0,
  "deadline_miss_rate": 0.0,
  "response_us": {
    "p50": 31093.711,
    "p90": 31270.339,
    "p99": 31705.320269999997,
    "p99.9": 32487.729221000005,
    "p99.99": 32542.76582209999,
    "mean": 31092.00299,
    "std": 193.42930992660666,
    "min": 30415.596,
    "max": 32548.881
  },
  "compute_us": {
    "p50": 31061.033,
    "p90": 31228.046000000002,
    "p99": 31643.846539999995,
    "p99.9": 32390.015161000003,
    "p99.99": 32441.537316099988,
    "mean": 31059.024403333337,
    "std": 183.14780137046142,
    "min": 30398.311,
    "max": 32447.262
  },
  "release_jitter_us": {
    "p50": 31.374,
    "p90": 46.7647,
    "p99": 61.44586999999975,
    "p99.9": 98.54707400000022,
    "p99.99": 101.31180739999944,
    "mean": 32.97858666666667,
    "std": 11.980234497530597,
    "min": 14.257,
    "max": 101.619
  }
}