{
  "meta": {
    "label": "emc665_gpu510_cproxyv2",
    "backend": "onnxruntime-cuda",
    "model": "compute_proxy_fp16.onnx",
    "hz": 3.0,
    "period_us": 333333.333,
    "deadline_us": 333333.333,
    "iters": 300,
    "warmup": 50,
    "cpu": 5,
    "prio": 80,
    "mlock": true,
    "host": "jetson-orin",
    "kernel": "5.15.185-tegra",
    "python": "3.10.12",
    "timestamp": "2026-06-12T01:41:41.109747+00:00",
    "rt_warnings": []
  },
  "deadline_miss_count": 0,
  "deadline_miss_rate": 0.0,
  "response_us": {
    "p50": 44657.6765,
    "p90": 44726.5973,
    "p99": 44887.219280000005,
    "p99.9": 44918.467809,
    "p99.99": 44927.2159809,
    "mean": 44664.86537666667,
    "std": 65.53703679824704,
    "min": 44156.154,
    "max": 44928.188
  },
  "compute_us": {
    "p50": 44631.554000000004,
    "p90": 44701.9271,
    "p99": 44835.48573,
    "p99.9": 44869.316544,
    "p99.99": 44873.553254399994,
    "mean": 44638.77430333333,
    "std": 62.36113128275208,
    "min": 44133.237,
    "max": 44874.024
  },
  "release_jitter_us": {
    "p50": 25.292499999999997,
    "p90": 32.2149,
    "p99": 48.99889999999999,
    "p99.9": 53.84586400000003,
    "p99.99": 54.132186399999945,
    "mean": 26.091073333333334,
    "std": 5.88905304736018,
    "min": 13.369,
    "max": 54.164
  }
}