{
  "meta": {
    "label": "emc665_gpu510_proxy",
    "backend": "onnxruntime-cuda",
    "model": "decode_proxy_fp16.onnx",
    "hz": 8.0,
    "period_us": 125000.0,
    "deadline_us": 125000.0,
    "iters": 300,
    "warmup": 50,
    "cpu": 5,
    "prio": 80,
    "mlock": true,
    "host": "jetson-orin",
    "kernel": "5.15.185-tegra",
    "python": "3.10.12",
    "timestamp": "2026-06-12T01:39:57.116999+00:00",
    "rt_warnings": []
  },
  "deadline_miss_count": 0,
  "deadline_miss_rate": 0.0,
  "response_us": {
    "p50": 21332.069,
    "p90": 21360.236,
    "p99": 21428.737250000002,
    "p99.9": 21469.110578,
    "p99.99": 21471.526557799996,
    "mean": 21338.15810333333,
    "std": 21.869287528693206,
    "min": 21311.917,
    "max": 21471.795
  },
  "compute_us": {
    "p50": 21317.2705,
    "p90": 21340.5318,
    "p99": 21407.83076,
    "p99.9": 21439.294501,
    "p99.99": 21449.197650099995,
    "mean": 21321.986006666662,
    "std": 19.105826296532864,
    "min": 21296.886,
    "max": 21450.298
  },
  "release_jitter_us": {
    "p50": 15.061499999999999,
    "p90": 21.127000000000002,
    "p99": 34.84392999999998,
    "p99.9": 47.194708000000155,
    "p99.99": 49.10747079999961,
    "mean": 16.172096666666665,
    "std": 4.318077305235385,
    "min": 8.789,
    "max": 49.32
  }
}