{
  "meta": {
    "label": "emc665_gpu816_proxy",
    "backend": "onnxruntime-cuda",
    "model": "decode_proxy_fp16.onnx",
    "hz": 8.0,
    "period_us": 125000.0,
    "deadline_us": 125000.0,
    "iters": 300,
    "warmup": 50,
    "cpu": 5,
    "prio": 80,
    "mlock": true,
    "host": "jetson-orin",
    "kernel": "5.15.185-tegra",
    "python": "3.10.12",
    "timestamp": "2026-06-12T01:54:30.230452+00:00",
    "rt_warnings": []
  },
  "deadline_miss_count": 0,
  "deadline_miss_rate": 0.0,
  "response_us": {
    "p50": 21200.9965,
    "p90": 21278.9722,
    "p99": 21346.54043,
    "p99.9": 21747.82353700001,
    "p99.99": 21889.272453699974,
    "mean": 21214.16845666667,
    "std": 54.25288651123979,
    "min": 21165.664,
    "max": 21904.989
  },
  "compute_us": {
    "p50": 21181.826500000003,
    "p90": 21247.7801,
    "p99": 21308.772109999998,
    "p99.9": 21727.57636300001,
    "p99.99": 21873.230236299973,
    "mean": 21193.243000000002,
    "std": 51.29263879551011,
    "min": 21153.746,
    "max": 21889.414
  },
  "release_jitter_us": {
    "p50": 20.0205,
    "p90": 29.788900000000037,
    "p99": 41.494839999999996,
    "p99.9": 50.67077400000015,
    "p99.99": 52.54747739999962,
    "mean": 20.92545666666667,
    "std": 6.274452016560668,
    "min": 11.886,
    "max": 52.756
  }
}