{
  "meta": {
    "label": "emc665_gpu510_mobilenet",
    "backend": "onnxruntime-cuda",
    "model": "mobilenetv2-12.onnx",
    "hz": 8.0,
    "period_us": 125000.0,
    "deadline_us": 125000.0,
    "iters": 300,
    "warmup": 50,
    "cpu": 5,
    "prio": 80,
    "mlock": true,
    "host": "jetson-orin",
    "kernel": "5.15.185-tegra",
    "python": "3.10.12",
    "timestamp": "2026-06-12T01:37:31.383097+00:00",
    "rt_warnings": []
  },
  "deadline_miss_count": 0,
  "deadline_miss_rate": 0.0,
  "response_us": {
    "p50": 10290.146499999999,
    "p90": 10432.1409,
    "p99": 10499.22235,
    "p99.9": 10538.350633,
    "p99.99": 10539.0322633,
    "mean": 10312.540203333332,
    "std": 63.35544405449299,
    "min": 10205.3,
    "max": 10539.108
  },
  "compute_us": {
    "p50": 10270.849,
    "p90": 10392.644,
    "p99": 10454.21464,
    "p99.9": 10503.898456,
    "p99.99": 10508.2729456,
    "mean": 10290.68656,
    "std": 56.16457321639443,
    "min": 10189.422,
    "max": 10508.759
  },
  "release_jitter_us": {
    "p50": 18.786499999999997,
    "p90": 36.28350000000002,
    "p99": 48.250969999999995,
    "p99.9": 49.35703300000002,
    "p99.99": 49.608103299999954,
    "mean": 21.853643333333334,
    "std": 8.043665116275596,
    "min": 13.99,
    "max": 49.636
  }
}