{
  "meta": {
    "label": "emc665_gpu1020_cproxyv2",
    "backend": "onnxruntime-cuda",
    "model": "compute_proxy_fp16.onnx",
    "hz": 3.0,
    "period_us": 333333.333,
    "deadline_us": 333333.333,
    "iters": 300,
    "warmup": 50,
    "cpu": 5,
    "prio": 80,
    "mlock": true,
    "host": "jetson-orin",
    "kernel": "5.15.185-tegra",
    "python": "3.10.12",
    "timestamp": "2026-06-12T02:05:56.113239+00:00",
    "rt_warnings": []
  },
  "deadline_miss_count": 0,
  "deadline_miss_rate": 0.0,
  "response_us": {
    "p50": 45580.801,
    "p90": 45696.3246,
    "p99": 45822.556899999996,
    "p99.9": 46371.167579000015,
    "p99.99": 46573.067657899956,
    "mean": 45592.50303000001,
    "std": 103.87225430653949,
    "min": 45168.55,
    "max": 46595.501
  },
  "compute_us": {
    "p50": 45556.19,
    "p90": 45661.200899999996,
    "p99": 45780.9458,
    "p99.9": 46338.75392400002,
    "p99.99": 46546.26339239996,
    "mean": 45563.65984333334,
    "std": 100.50050353442067,
    "min": 45146.818,
    "max": 46569.32
  },
  "release_jitter_us": {
    "p50": 26.8645,
    "p90": 39.2092,
    "p99": 48.263509999999954,
    "p99.9": 54.06035100000004,
    "p99.99": 54.50463509999991,
    "mean": 28.84318666666666,
    "std": 7.236567226603754,
    "min": 14.574,
    "max": 54.554
  }
}