{
  "meta": {
    "label": "emc665_gpu1020_vit",
    "backend": "onnxruntime-cuda",
    "model": "vit_small_patch16_224.onnx",
    "hz": 3.0,
    "period_us": 333333.333,
    "deadline_us": 333333.333,
    "iters": 300,
    "warmup": 50,
    "cpu": 5,
    "prio": 80,
    "mlock": true,
    "host": "jetson-orin",
    "kernel": "5.15.185-tegra",
    "python": "3.10.12",
    "timestamp": "2026-06-12T02:03:30.490213+00:00",
    "rt_warnings": []
  },
  "deadline_miss_count": 0,
  "deadline_miss_rate": 0.0,
  "response_us": {
    "p50": 30732.2175,
    "p90": 30912.264799999997,
    "p99": 31331.38621,
    "p99.9": 31730.872956000007,
    "p99.99": 31813.959195599982,
    "mean": 30750.536666666667,
    "std": 154.77886190509204,
    "min": 30486.112,
    "max": 31823.191
  },
  "compute_us": {
    "p50": 30702.4535,
    "p90": 30873.269800000002,
    "p99": 31280.220999999998,
    "p99.9": 31636.418878000004,
    "p99.99": 31704.845087799986,
    "mean": 30718.18229333333,
    "std": 147.0953775644699,
    "min": 30464.672,
    "max": 31712.448
  },
  "release_jitter_us": {
    "p50": 30.884,
    "p90": 43.005300000000005,
    "p99": 52.42216999999999,
    "p99.9": 94.45407800000119,
    "p99.99": 109.11410779999702,
    "mean": 32.354373333333335,
    "std": 8.991519384061604,
    "min": 17.939,
    "max": 110.743
  }
}