{
  "meta": {
    "label": "emc665_gpu1020_proxy",
    "backend": "onnxruntime-cuda",
    "model": "decode_proxy_fp16.onnx",
    "hz": 8.0,
    "period_us": 125000.0,
    "deadline_us": 125000.0,
    "iters": 300,
    "warmup": 50,
    "cpu": 5,
    "prio": 80,
    "mlock": true,
    "host": "jetson-orin",
    "kernel": "5.15.185-tegra",
    "python": "3.10.12",
    "timestamp": "2026-06-12T02:04:12.055427+00:00",
    "rt_warnings": []
  },
  "deadline_miss_count": 0,
  "deadline_miss_rate": 0.0,
  "response_us": {
    "p50": 21140.4725,
    "p90": 21234.0085,
    "p99": 21295.96457,
    "p99.9": 21320.980598000002,
    "p99.99": 21321.7873598,
    "mean": 21157.60336666667,
    "std": 41.79877964413421,
    "min": 21119.083,
    "max": 21321.877
  },
  "compute_us": {
    "p50": 21125.371,
    "p90": 21203.0297,
    "p99": 21262.91385,
    "p99.9": 21273.160333,
    "p99.99": 21274.0303333,
    "mean": 21140.219246666667,
    "std": 35.9289371000473,
    "min": 21104.362,
    "max": 21274.127
  },
  "release_jitter_us": {
    "p50": 15.149999999999999,
    "p90": 29.767500000000002,
    "p99": 43.60039,
    "p99.9": 49.910482000000066,
    "p99.99": 50.739848199999834,
    "mean": 17.384120000000003,
    "std": 6.963604982019012,
    "min": 10.233,
    "max": 50.832
  }
}