{
  "meta": {
    "label": "emc665_gpu408_proxy",
    "backend": "onnxruntime-cuda",
    "model": "decode_proxy_fp16.onnx",
    "hz": 8.0,
    "period_us": 125000.0,
    "deadline_us": 125000.0,
    "iters": 300,
    "warmup": 50,
    "cpu": 5,
    "prio": 80,
    "mlock": true,
    "host": "jetson-orin",
    "kernel": "5.15.185-tegra",
    "python": "3.10.12",
    "timestamp": "2026-06-12T01:35:05.933060+00:00",
    "rt_warnings": []
  },
  "deadline_miss_count": 0,
  "deadline_miss_rate": 0.0,
  "response_us": {
    "p50": 21458.173000000003,
    "p90": 21573.2508,
    "p99": 21611.67217,
    "p99.9": 21712.043304000003,
    "p99.99": 21748.238330399992,
    "mean": 21478.404773333332,
    "std": 48.323253359729634,
    "min": 21430.681,
    "max": 21752.26
  },
  "compute_us": {
    "p50": 21442.474000000002,
    "p90": 21534.2232,
    "p99": 21561.21396,
    "p99.9": 21660.405180000005,
    "p99.99": 21695.436617999996,
    "mean": 21459.034606666664,
    "std": 39.725652983246164,
    "min": 21415.929,
    "max": 21699.329
  },
  "release_jitter_us": {
    "p50": 15.895,
    "p90": 36.71340000000001,
    "p99": 52.52114,
    "p99.9": 54.076144000000006,
    "p99.99": 54.168714399999985,
    "mean": 19.370166666666663,
    "std": 9.661188779452672,
    "min": 10.825,
    "max": 54.179
  }
}