{
  "meta": {
    "label": "emc665_gpu408_vit",
    "backend": "onnxruntime-cuda",
    "model": "vit_small_patch16_224.onnx",
    "hz": 3.0,
    "period_us": 333333.333,
    "deadline_us": 333333.333,
    "iters": 300,
    "warmup": 50,
    "cpu": 5,
    "prio": 80,
    "mlock": true,
    "host": "jetson-orin",
    "kernel": "5.15.185-tegra",
    "python": "3.10.12",
    "timestamp": "2026-06-12T01:34:24.349206+00:00",
    "rt_warnings": []
  },
  "deadline_miss_count": 0,
  "deadline_miss_rate": 0.0,
  "response_us": {
    "p50": 35808.701499999996,
    "p90": 36124.6473,
    "p99": 36278.82131,
    "p99.9": 36363.414220000006,
    "p99.99": 36363.473422,
    "mean": 35874.34074,
    "std": 172.18337470818454,
    "min": 35078.153,
    "max": 36363.48
  },
  "compute_us": {
    "p50": 35785.751000000004,
    "p90": 36083.535,
    "p99": 36238.35118,
    "p99.9": 36325.184488,
    "p99.99": 36329.998148800005,
    "mean": 35844.319820000004,
    "std": 165.13664046064287,
    "min": 35060.964,
    "max": 36330.533
  },
  "release_jitter_us": {
    "p50": 26.838,
    "p90": 42.1784,
    "p99": 49.57855,
    "p99.9": 56.16766900000007,
    "p99.99": 57.07426689999981,
    "mean": 30.020920000000004,
    "std": 8.478065331210102,
    "min": 16.948,
    "max": 57.175
  }
}