{
  "meta": {
    "label": "emc665_gpu816_vit",
    "backend": "onnxruntime-cuda",
    "model": "vit_small_patch16_224.onnx",
    "hz": 3.0,
    "period_us": 333333.333,
    "deadline_us": 333333.333,
    "iters": 300,
    "warmup": 50,
    "cpu": 5,
    "prio": 80,
    "mlock": true,
    "host": "jetson-orin",
    "kernel": "5.15.185-tegra",
    "python": "3.10.12",
    "timestamp": "2026-06-12T01:53:48.660605+00:00",
    "rt_warnings": []
  },
  "deadline_miss_count": 0,
  "deadline_miss_rate": 0.0,
  "response_us": {
    "p50": 31602.3285,
    "p90": 31834.1329,
    "p99": 31956.38927,
    "p99.9": 32575.055157000003,
    "p99.99": 32579.4299157,
    "mean": 31649.35964666667,
    "std": 152.39711687485593,
    "min": 31116.959,
    "max": 32579.916
  },
  "compute_us": {
    "p50": 31579.463,
    "p90": 31788.7426,
    "p99": 31914.33088,
    "p99.9": 32552.2258,
    "p99.99": 32556.74668,
    "mean": 31619.623473333333,
    "std": 145.13299355589677,
    "min": 31100.314,
    "max": 32557.249
  },
  "release_jitter_us": {
    "p50": 26.0845,
    "p90": 45.9946,
    "p99": 57.084569999999985,
    "p99.9": 59.15409600000002,
    "p99.99": 59.39520959999995,
    "mean": 29.73617333333333,
    "std": 10.427084089521651,
    "min": 12.89,
    "max": 59.422
  }
}