{
  "meta": {
    "label": "emc665_gpu918_cproxyv2",
    "backend": "onnxruntime-cuda",
    "model": "compute_proxy_fp16.onnx",
    "hz": 3.0,
    "period_us": 333333.333,
    "deadline_us": 333333.333,
    "iters": 300,
    "warmup": 50,
    "cpu": 5,
    "prio": 80,
    "mlock": true,
    "host": "jetson-orin",
    "kernel": "5.15.185-tegra",
    "python": "3.10.12",
    "timestamp": "2026-06-12T02:01:05.001280+00:00",
    "rt_warnings": []
  },
  "deadline_miss_count": 0,
  "deadline_miss_rate": 0.0,
  "response_us": {
    "p50": 42293.6305,
    "p90": 42421.651600000005,
    "p99": 42523.31576,
    "p99.9": 43516.94624700003,
    "p99.99": 43889.20492469993,
    "mean": 42321.81993333333,
    "std": 124.28298654761865,
    "min": 41795.173,
    "max": 43930.567
  },
  "compute_us": {
    "p50": 42267.585,
    "p90": 42377.4086,
    "p99": 42474.31349,
    "p99.9": 43478.46945200003,
    "p99.99": 43853.608845199924,
    "mean": 42289.63289666666,
    "std": 119.8330755566508,
    "min": 41775.138,
    "max": 43895.291
  },
  "release_jitter_us": {
    "p50": 28.9025,
    "p90": 44.3194,
    "p99": 50.27532999999999,
    "p99.9": 56.463776000000145,
    "p99.99": 58.23337759999964,
    "mean": 32.18703666666667,
    "std": 8.51675214358867,
    "min": 17.337,
    "max": 58.43
  }
}