{
  "meta": {
    "label": "emc665_gpu306_vit",
    "backend": "onnxruntime-cuda",
    "model": "vit_small_patch16_224.onnx",
    "hz": 3.0,
    "period_us": 333333.333,
    "deadline_us": 333333.333,
    "iters": 300,
    "warmup": 50,
    "cpu": 5,
    "prio": 80,
    "mlock": true,
    "host": "jetson-orin",
    "kernel": "5.15.185-tegra",
    "python": "3.10.12",
    "timestamp": "2026-06-12T01:29:32.691645+00:00",
    "rt_warnings": []
  },
  "deadline_miss_count": 0,
  "deadline_miss_rate": 0.0,
  "response_us": {
    "p50": 39822.187000000005,
    "p90": 40008.7481,
    "p99": 40557.02076,
    "p99.9": 40860.54507300001,
    "p99.99": 40926.46730729999,
    "mean": 39825.5878,
    "std": 189.8059483217533,
    "min": 38967.888,
    "max": 40933.792
  },
  "compute_us": {
    "p50": 39789.138,
    "p90": 39969.1037,
    "p99": 40485.39218,
    "p99.9": 40769.61232600001,
    "p99.99": 40830.19373259999,
    "mean": 39792.67739333333,
    "std": 178.83442595626065,
    "min": 38951.531,
    "max": 40836.925
  },
  "release_jitter_us": {
    "p50": 29.244,
    "p90": 47.4697,
    "p99": 76.44382,
    "p99.9": 93.03441800000029,
    "p99.99": 96.48374179999931,
    "mean": 32.91040666666667,
    "std": 12.827342864416188,
    "min": 13.229,
    "max": 96.867
  }
}