{
  "meta": {
    "label": "emc665_gpu612_vit",
    "backend": "onnxruntime-cuda",
    "model": "vit_small_patch16_224.onnx",
    "hz": 3.0,
    "period_us": 333333.333,
    "deadline_us": 333333.333,
    "iters": 300,
    "warmup": 50,
    "cpu": 5,
    "prio": 80,
    "mlock": true,
    "host": "jetson-orin",
    "kernel": "5.15.185-tegra",
    "python": "3.10.12",
    "timestamp": "2026-06-12T01:44:06.551660+00:00",
    "rt_warnings": []
  },
  "deadline_miss_count": 0,
  "deadline_miss_rate": 0.0,
  "response_us": {
    "p50": 32687.804,
    "p90": 32850.796800000004,
    "p99": 33157.441139999995,
    "p99.9": 33737.05235900001,
    "p99.99": 33761.287235899996,
    "mean": 32707.60464,
    "std": 148.13718523844852,
    "min": 32157.371,
    "max": 33763.98
  },
  "compute_us": {
    "p50": 32657.092,
    "p90": 32818.0976,
    "p99": 33101.66209,
    "p99.9": 33670.16536400001,
    "p99.99": 33706.37653639999,
    "mean": 32679.14907333333,
    "std": 141.21395143795573,
    "min": 32140.694,
    "max": 33710.4
  },
  "release_jitter_us": {
    "p50": 26.692,
    "p90": 38.47130000000001,
    "p99": 58.24521,
    "p99.9": 86.55466300000083,
    "p99.99": 96.93196629999788,
    "mean": 28.455566666666662,
    "std": 9.345248881234903,
    "min": 15.443,
    "max": 98.085
  }
}