{
  "meta": {
    "label": "emc665_gpu510_vit",
    "backend": "onnxruntime-cuda",
    "model": "vit_small_patch16_224.onnx",
    "hz": 3.0,
    "period_us": 333333.333,
    "deadline_us": 333333.333,
    "iters": 300,
    "warmup": 50,
    "cpu": 5,
    "prio": 80,
    "mlock": true,
    "host": "jetson-orin",
    "kernel": "5.15.185-tegra",
    "python": "3.10.12",
    "timestamp": "2026-06-12T01:39:15.541173+00:00",
    "rt_warnings": []
  },
  "deadline_miss_count": 0,
  "deadline_miss_rate": 0.0,
  "response_us": {
    "p50": 33879.223,
    "p90": 34091.625199999995,
    "p99": 34256.77139,
    "p99.9": 34315.073339,
    "p99.99": 34327.193333899995,
    "mean": 33904.14848999999,
    "std": 129.84302233251978,
    "min": 33259.385,
    "max": 34328.54
  },
  "compute_us": {
    "p50": 33854.356,
    "p90": 34054.9873,
    "p99": 34207.61396,
    "p99.9": 34264.31405,
    "p99.99": 34277.782505,
    "mean": 33876.16556666666,
    "std": 122.5626715428162,
    "min": 33243.156,
    "max": 34279.279
  },
  "release_jitter_us": {
    "p50": 26.2025,
    "p90": 43.2648,
    "p99": 53.174089999999985,
    "p99.9": 58.059005000000035,
    "p99.99": 58.46400049999992,
    "mean": 27.982923333333336,
    "std": 8.978548191706102,
    "min": 15.277,
    "max": 58.509
  }
}