{
  "meta": {
    "label": "emc665_gpu918_proxy",
    "backend": "onnxruntime-cuda",
    "model": "decode_proxy_fp16.onnx",
    "hz": 8.0,
    "period_us": 125000.0,
    "deadline_us": 125000.0,
    "iters": 300,
    "warmup": 50,
    "cpu": 5,
    "prio": 80,
    "mlock": true,
    "host": "jetson-orin",
    "kernel": "5.15.185-tegra",
    "python": "3.10.12",
    "timestamp": "2026-06-12T01:59:21.136131+00:00",
    "rt_warnings": []
  },
  "deadline_miss_count": 0,
  "deadline_miss_rate": 0.0,
  "response_us": {
    "p50": 21155.660000000003,
    "p90": 21227.9423,
    "p99": 21274.56784,
    "p99.9": 21305.878421,
    "p99.99": 21306.8797421,
    "mean": 21168.08179,
    "std": 33.49546339599702,
    "min": 21131.354,
    "max": 21306.991
  },
  "compute_us": {
    "p50": 21141.8635,
    "p90": 21198.9049,
    "p99": 21255.118159999998,
    "p99.9": 21285.002037,
    "p99.99": 21287.9990037,
    "mean": 21151.50508,
    "std": 29.38273833188909,
    "min": 21117.382,
    "max": 21288.332
  },
  "release_jitter_us": {
    "p50": 14.644,
    "p90": 25.63640000000001,
    "p99": 35.79289,
    "p99.9": 38.59831100000005,
    "p99.99": 39.30093109999986,
    "mean": 16.576710000000002,
    "std": 5.469215387289722,
    "min": 10.574,
    "max": 39.379
  }
}