{
  "meta": {
    "label": "emc665_gpu408_cproxyv2",
    "backend": "onnxruntime-cuda",
    "model": "compute_proxy_fp16.onnx",
    "hz": 3.0,
    "period_us": 333333.333,
    "deadline_us": 333333.333,
    "iters": 300,
    "warmup": 50,
    "cpu": 5,
    "prio": 80,
    "mlock": true,
    "host": "jetson-orin",
    "kernel": "5.15.185-tegra",
    "python": "3.10.12",
    "timestamp": "2026-06-12T01:36:49.988096+00:00",
    "rt_warnings": []
  },
  "deadline_miss_count": 0,
  "deadline_miss_rate": 0.0,
  "response_us": {
    "p50": 46064.272,
    "p90": 46216.4012,
    "p99": 46881.10723,
    "p99.9": 47029.264359,
    "p99.99": 47031.9712359,
    "mean": 46081.228299999995,
    "std": 147.80917324265343,
    "min": 45546.591,
    "max": 47032.272
  },
  "compute_us": {
    "p50": 46029.959,
    "p90": 46170.0165,
    "p99": 46812.4885,
    "p99.9": 46930.420333,
    "p99.99": 46934.5195333,
    "mean": 46045.37342666667,
    "std": 138.16153861941677,
    "min": 45526.073,
    "max": 46934.975
  },
  "release_jitter_us": {
    "p50": 35.048,
    "p90": 50.68610000000002,
    "p99": 71.72304,
    "p99.9": 100.92397400000011,
    "p99.99": 102.31629739999973,
    "mean": 35.85487333333333,
    "std": 12.096878576611774,
    "min": 16.814,
    "max": 102.471
  }
}