{
  "meta": {
    "label": "emc665_gpu918_mobilenet",
    "backend": "onnxruntime-cuda",
    "model": "mobilenetv2-12.onnx",
    "hz": 8.0,
    "period_us": 125000.0,
    "deadline_us": 125000.0,
    "iters": 300,
    "warmup": 50,
    "cpu": 5,
    "prio": 80,
    "mlock": true,
    "host": "jetson-orin",
    "kernel": "5.15.185-tegra",
    "python": "3.10.12",
    "timestamp": "2026-06-12T01:56:55.545896+00:00",
    "rt_warnings": []
  },
  "deadline_miss_count": 0,
  "deadline_miss_rate": 0.0,
  "response_us": {
    "p50": 8687.817,
    "p90": 8810.9105,
    "p99": 8883.507189999998,
    "p99.9": 8950.379335,
    "p99.99": 8952.4877335,
    "mean": 8706.770153333333,
    "std": 56.363392770572496,
    "min": 8618.026,
    "max": 8952.722
  },
  "compute_us": {
    "p50": 8670.934,
    "p90": 8779.3306,
    "p99": 8847.19565,
    "p99.9": 8904.941448,
    "p99.99": 8906.7842448,
    "mean": 8687.280673333333,
    "std": 51.1264307481621,
    "min": 8602.084,
    "max": 8906.989
  },
  "release_jitter_us": {
    "p50": 17.366500000000002,
    "p90": 29.71490000000001,
    "p99": 42.55761,
    "p99.9": 45.43788700000002,
    "p99.99": 45.703488699999944,
    "mean": 19.48948,
    "std": 6.051463200163522,
    "min": 12.266,
    "max": 45.733
  }
}