{
  "meta": {
    "label": "emc665_gpu306_cproxyv2",
    "backend": "onnxruntime-cuda",
    "model": "compute_proxy_fp16.onnx",
    "hz": 3.0,
    "period_us": 333333.333,
    "deadline_us": 333333.333,
    "iters": 300,
    "warmup": 50,
    "cpu": 5,
    "prio": 80,
    "mlock": true,
    "host": "jetson-orin",
    "kernel": "5.15.185-tegra",
    "python": "3.10.12",
    "timestamp": "2026-06-12T01:31:58.631614+00:00",
    "rt_warnings": []
  },
  "deadline_miss_count": 0,
  "deadline_miss_rate": 0.0,
  "response_us": {
    "p50": 51993.7665,
    "p90": 52121.6727,
    "p99": 52248.55429,
    "p99.9": 52289.92152,
    "p99.99": 52297.327152,
    "mean": 52008.70825,
    "std": 97.90841646992104,
    "min": 51259.863,
    "max": 52298.15
  },
  "compute_us": {
    "p50": 51969.061,
    "p90": 52080.920000000006,
    "p99": 52197.478520000004,
    "p99.9": 52230.772992,
    "p99.99": 52235.776099200004,
    "mean": 51977.101213333335,
    "std": 90.5585458122782,
    "min": 51238.29,
    "max": 52236.332
  },
  "release_jitter_us": {
    "p50": 28.055,
    "p90": 43.52740000000001,
    "p99": 54.22557999999999,
    "p99.9": 61.56624200000002,
    "p99.99": 61.79282419999995,
    "mean": 31.60703666666667,
    "std": 9.662305768396532,
    "min": 14.643,
    "max": 61.818
  }
}