{
  "meta": {
    "label": "emc665_gpu306_mobilenet",
    "backend": "onnxruntime-cuda",
    "model": "mobilenetv2-12.onnx",
    "hz": 8.0,
    "period_us": 125000.0,
    "deadline_us": 125000.0,
    "iters": 300,
    "warmup": 50,
    "cpu": 5,
    "prio": 80,
    "mlock": true,
    "host": "jetson-orin",
    "kernel": "5.15.185-tegra",
    "python": "3.10.12",
    "timestamp": "2026-06-12T01:27:48.229431+00:00",
    "rt_warnings": []
  },
  "deadline_miss_count": 0,
  "deadline_miss_rate": 0.0,
  "response_us": {
    "p50": 13151.610499999999,
    "p90": 13286.7484,
    "p99": 13373.29131,
    "p99.9": 13391.611368,
    "p99.99": 13392.087136799999,
    "mean": 13172.376336666666,
    "std": 65.23548895422375,
    "min": 13078.048,
    "max": 13392.14
  },
  "compute_us": {
    "p50": 13132.797,
    "p90": 13260.8042,
    "p99": 13328.96524,
    "p99.9": 13348.188215999999,
    "p99.99": 13349.807121599999,
    "mean": 13151.351696666667,
    "std": 59.2811719116448,
    "min": 13061.563,
    "max": 13349.987
  },
  "release_jitter_us": {
    "p50": 18.497999999999998,
    "p90": 31.619300000000003,
    "p99": 45.532419999999995,
    "p99.9": 50.90001200000005,
    "p99.99": 51.602901199999856,
    "mean": 21.024639999999998,
    "std": 6.748286779897053,
    "min": 13.384,
    "max": 51.681
  }
}