{
  "meta": {
    "label": "emc665_gpu816_mobilenet",
    "backend": "onnxruntime-cuda",
    "model": "mobilenetv2-12.onnx",
    "hz": 8.0,
    "period_us": 125000.0,
    "deadline_us": 125000.0,
    "iters": 300,
    "warmup": 50,
    "cpu": 5,
    "prio": 80,
    "mlock": true,
    "host": "jetson-orin",
    "kernel": "5.15.185-tegra",
    "python": "3.10.12",
    "timestamp": "2026-06-12T01:52:04.595307+00:00",
    "rt_warnings": []
  },
  "deadline_miss_count": 0,
  "deadline_miss_rate": 0.0,
  "response_us": {
    "p50": 8897.151,
    "p90": 9006.804199999999,
    "p99": 9119.72801,
    "p99.9": 9210.383156000002,
    "p99.99": 9230.553815599997,
    "mean": 8916.390023333333,
    "std": 61.2939307909257,
    "min": 8826.8,
    "max": 9232.795
  },
  "compute_us": {
    "p50": 8879.452000000001,
    "p90": 8976.0725,
    "p99": 9080.03493,
    "p99.9": 9170.834357000002,
    "p99.99": 9191.139835699996,
    "mean": 8896.248146666667,
    "std": 55.07494329467642,
    "min": 8807.338,
    "max": 9193.396
  },
  "release_jitter_us": {
    "p50": 17.857,
    "p90": 30.23720000000001,
    "p99": 45.40549999999997,
    "p99.9": 54.58093200000018,
    "p99.99": 56.87689319999953,
    "mean": 20.14187666666667,
    "std": 7.092330781540641,
    "min": 12.388,
    "max": 57.132
  }
}