{
  "meta": {
    "label": "emc665_gpu612_mobilenet",
    "backend": "onnxruntime-cuda",
    "model": "mobilenetv2-12.onnx",
    "hz": 8.0,
    "period_us": 125000.0,
    "deadline_us": 125000.0,
    "iters": 300,
    "warmup": 50,
    "cpu": 5,
    "prio": 80,
    "mlock": true,
    "host": "jetson-orin",
    "kernel": "5.15.185-tegra",
    "python": "3.10.12",
    "timestamp": "2026-06-12T01:42:22.472240+00:00",
    "rt_warnings": []
  },
  "deadline_miss_count": 0,
  "deadline_miss_rate": 0.0,
  "response_us": {
    "p50": 9593.5965,
    "p90": 9645.934799999999,
    "p99": 9703.591419999999,
    "p99.9": 9800.280416000001,
    "p99.99": 9809.487941599999,
    "mean": 9601.209006666666,
    "std": 33.43394909997852,
    "min": 9544.066,
    "max": 9810.511
  },
  "compute_us": {
    "p50": 9575.551,
    "p90": 9621.4464,
    "p99": 9675.13221,
    "p99.9": 9776.469397,
    "p99.99": 9788.981739699997,
    "mean": 9582.046596666665,
    "std": 31.087103486719144,
    "min": 9527.293,
    "max": 9790.372
  },
  "release_jitter_us": {
    "p50": 18.3485,
    "p90": 24.766000000000002,
    "p99": 29.52427,
    "p99.9": 31.657251000000056,
    "p99.99": 32.343725099999865,
    "mean": 19.16241,
    "std": 3.669922655211324,
    "min": 13.84,
    "max": 32.42
  }
}