{
  "meta": {
    "label": "emc665_gpu714_mobilenet",
    "backend": "onnxruntime-cuda",
    "model": "mobilenetv2-12.onnx",
    "hz": 8.0,
    "period_us": 125000.0,
    "deadline_us": 125000.0,
    "iters": 300,
    "warmup": 50,
    "cpu": 5,
    "prio": 80,
    "mlock": true,
    "host": "jetson-orin",
    "kernel": "5.15.185-tegra",
    "python": "3.10.12",
    "timestamp": "2026-06-12T01:47:13.531642+00:00",
    "rt_warnings": []
  },
  "deadline_miss_count": 0,
  "deadline_miss_rate": 0.0,
  "response_us": {
    "p50": 9142.737000000001,
    "p90": 9165.605599999999,
    "p99": 9218.90808,
    "p99.9": 9272.024512,
    "p99.99": 9276.091151199998,
    "mean": 9145.81129,
    "std": 20.592345940645856,
    "min": 9104.741,
    "max": 9276.543
  },
  "compute_us": {
    "p50": 9126.162499999999,
    "p90": 9148.2686,
    "p99": 9197.68209,
    "p99.9": 9253.196080000002,
    "p99.99": 9259.137808,
    "mean": 9128.708323333332,
    "std": 19.664745803055528,
    "min": 9088.625,
    "max": 9259.798
  },
  "release_jitter_us": {
    "p50": 16.7515,
    "p90": 19.646,
    "p99": 23.875199999999985,
    "p99.9": 28.754037000000025,
    "p99.99": 29.06000369999994,
    "mean": 17.102966666666664,
    "std": 2.160633482466556,
    "min": 11.88,
    "max": 29.094
  }
}