{
  "meta": {
    "label": "emc665_gpu714_vit",
    "backend": "onnxruntime-cuda",
    "model": "vit_small_patch16_224.onnx",
    "hz": 3.0,
    "period_us": 333333.333,
    "deadline_us": 333333.333,
    "iters": 300,
    "warmup": 50,
    "cpu": 5,
    "prio": 80,
    "mlock": true,
    "host": "jetson-orin",
    "kernel": "5.15.185-tegra",
    "python": "3.10.12",
    "timestamp": "2026-06-12T01:48:57.616456+00:00",
    "rt_warnings": []
  },
  "deadline_miss_count": 0,
  "deadline_miss_rate": 0.0,
  "response_us": {
    "p50": 31862.087,
    "p90": 32024.1169,
    "p99": 32329.30228,
    "p99.9": 33053.56459400002,
    "p99.99": 33255.87235939996,
    "mean": 31888.094403333336,
    "std": 138.1783141744777,
    "min": 31306.181,
    "max": 33278.351
  },
  "compute_us": {
    "p50": 31841.902000000002,
    "p90": 31995.5348,
    "p99": 32305.85288,
    "p99.9": 32963.96617800002,
    "p99.99": 33149.80071779996,
    "mean": 31864.844006666666,
    "std": 131.8462679165649,
    "min": 31291.52,
    "max": 33170.449
  },
  "release_jitter_us": {
    "p50": 21.4575,
    "p90": 32.852399999999996,
    "p99": 45.09704999999999,
    "p99.9": 91.05514400000123,
    "p99.99": 106.21731439999692,
    "mean": 23.250396666666667,
    "std": 8.104283421293678,
    "min": 14.043,
    "max": 107.902
  }
}