{
  "meta": {
    "label": "emc665_gpu816_cproxyv2",
    "backend": "onnxruntime-cuda",
    "model": "compute_proxy_fp16.onnx",
    "hz": 3.0,
    "period_us": 333333.333,
    "deadline_us": 333333.333,
    "iters": 300,
    "warmup": 50,
    "cpu": 5,
    "prio": 80,
    "mlock": true,
    "host": "jetson-orin",
    "kernel": "5.15.185-tegra",
    "python": "3.10.12",
    "timestamp": "2026-06-12T01:56:14.116556+00:00",
    "rt_warnings": []
  },
  "deadline_miss_count": 0,
  "deadline_miss_rate": 0.0,
  "response_us": {
    "p50": 42716.274000000005,
    "p90": 42857.1694,
    "p99": 42977.389749999995,
    "p99.9": 43309.92886600001,
    "p99.99": 43411.558786599984,
    "mean": 42745.92144,
    "std": 94.56477557476877,
    "min": 42438.156,
    "max": 43422.851
  },
  "compute_us": {
    "p50": 42691.630000000005,
    "p90": 42810.7691,
    "p99": 42935.891059999994,
    "p99.9": 43279.928687000014,
    "p99.99": 43389.66416869998,
    "mean": 42715.34616666667,
    "std": 88.2152588162176,
    "min": 42416.007,
    "max": 43401.857
  },
  "release_jitter_us": {
    "p50": 26.7095,
    "p90": 44.54580000000001,
    "p99": 53.06952,
    "p99.9": 58.16038000000014,
    "p99.99": 59.87723799999965,
    "mean": 30.575273333333335,
    "std": 9.093536283094469,
    "min": 17.315,
    "max": 60.068
  }
}