{
  "meta": {
    "label": "emc665_gpu714_proxy",
    "backend": "onnxruntime-cuda",
    "model": "decode_proxy_fp16.onnx",
    "hz": 8.0,
    "period_us": 125000.0,
    "deadline_us": 125000.0,
    "iters": 300,
    "warmup": 50,
    "cpu": 5,
    "prio": 80,
    "mlock": true,
    "host": "jetson-orin",
    "kernel": "5.15.185-tegra",
    "python": "3.10.12",
    "timestamp": "2026-06-12T01:49:39.187325+00:00",
    "rt_warnings": []
  },
  "deadline_miss_count": 0,
  "deadline_miss_rate": 0.0,
  "response_us": {
    "p50": 21233.879999999997,
    "p90": 21340.488800000003,
    "p99": 21398.63532,
    "p99.9": 21415.426912000003,
    "p99.99": 21416.641091200003,
    "mean": 21251.916946666664,
    "std": 46.40629414447819,
    "min": 21204.099,
    "max": 21416.776
  },
  "compute_us": {
    "p50": 21215.9075,
    "p90": 21299.8492,
    "p99": 21350.127959999998,
    "p99.9": 21366.776597,
    "p99.99": 21370.4624597,
    "mean": 21231.10717666667,
    "std": 38.37048624709865,
    "min": 21190.387,
    "max": 21370.872
  },
  "release_jitter_us": {
    "p50": 17.8065,
    "p90": 39.10850000000002,
    "p99": 49.67404999999999,
    "p99.9": 63.77018400000027,
    "p99.99": 67.10271839999932,
    "mean": 20.80977,
    "std": 9.505596885191727,
    "min": 10.715,
    "max": 67.473
  }
}