{
  "meta": {
    "label": "emc665_gpu612_proxy",
    "backend": "onnxruntime-cuda",
    "model": "decode_proxy_fp16.onnx",
    "hz": 8.0,
    "period_us": 125000.0,
    "deadline_us": 125000.0,
    "iters": 300,
    "warmup": 50,
    "cpu": 5,
    "prio": 80,
    "mlock": true,
    "host": "jetson-orin",
    "kernel": "5.15.185-tegra",
    "python": "3.10.12",
    "timestamp": "2026-06-12T01:44:48.131222+00:00",
    "rt_warnings": []
  },
  "deadline_miss_count": 0,
  "deadline_miss_rate": 0.0,
  "response_us": {
    "p50": 21263.8,
    "p90": 21288.9525,
    "p99": 21344.72371,
    "p99.9": 21358.644057,
    "p99.99": 21358.955405700002,
    "mean": 21268.54869,
    "std": 17.015248719327275,
    "min": 21248.542,
    "max": 21358.99
  },
  "compute_us": {
    "p50": 21248.3405,
    "p90": 21269.109,
    "p99": 21332.30172,
    "p99.9": 21342.042616000002,
    "p99.99": 21342.1545616,
    "mean": 21252.572583333334,
    "std": 15.792874775555825,
    "min": 21234.325,
    "max": 21342.167
  },
  "release_jitter_us": {
    "p50": 15.422,
    "p90": 19.803100000000004,
    "p99": 23.116199999999996,
    "p99.9": 24.013389,
    "p99.99": 24.037338899999995,
    "mean": 15.976106666666668,
    "std": 2.6675779130056454,
    "min": 12.076,
    "max": 24.04
  }
}