{
  "meta": {
    "label": "emc665_gpu612_cproxyv2",
    "backend": "onnxruntime-cuda",
    "model": "compute_proxy_fp16.onnx",
    "hz": 3.0,
    "period_us": 333333.333,
    "deadline_us": 333333.333,
    "iters": 300,
    "warmup": 50,
    "cpu": 5,
    "prio": 80,
    "mlock": true,
    "host": "jetson-orin",
    "kernel": "5.15.185-tegra",
    "python": "3.10.12",
    "timestamp": "2026-06-12T01:46:32.074770+00:00",
    "rt_warnings": []
  },
  "deadline_miss_count": 0,
  "deadline_miss_rate": 0.0,
  "response_us": {
    "p50": 43635.991500000004,
    "p90": 43724.9629,
    "p99": 44031.8201,
    "p99.9": 44332.382127000004,
    "p99.99": 44416.13331269998,
    "mean": 43649.64668333333,
    "std": 100.40250667224258,
    "min": 43184.064,
    "max": 44425.439
  },
  "compute_us": {
    "p50": 43609.047,
    "p90": 43697.7297,
    "p99": 43998.47076,
    "p99.9": 44243.45431000001,
    "p99.99": 44302.201530999984,
    "mean": 43624.09153333334,
    "std": 95.3668973846563,
    "min": 43166.491,
    "max": 44308.729
  },
  "release_jitter_us": {
    "p50": 24.536,
    "p90": 32.194199999999995,
    "p99": 46.19837999999999,
    "p99.9": 96.61092100000147,
    "p99.99": 114.70009209999633,
    "mean": 25.55515,
    "std": 7.507404973369071,
    "min": 15.46,
    "max": 116.71
  }
}