{
  "meta": {
    "label": "emc665_gpu408_mobilenet",
    "backend": "onnxruntime-cuda",
    "model": "mobilenetv2-12.onnx",
    "hz": 8.0,
    "period_us": 125000.0,
    "deadline_us": 125000.0,
    "iters": 300,
    "warmup": 50,
    "cpu": 5,
    "prio": 80,
    "mlock": true,
    "host": "jetson-orin",
    "kernel": "5.15.185-tegra",
    "python": "3.10.12",
    "timestamp": "2026-06-12T01:32:40.080878+00:00",
    "rt_warnings": []
  },
  "deadline_miss_count": 0,
  "deadline_miss_rate": 0.0,
  "response_us": {
    "p50": 11308.1425,
    "p90": 11472.110100000002,
    "p99": 11544.158819999999,
    "p99.9": 11574.573827,
    "p99.99": 11579.397982699998,
    "mean": 11333.856096666666,
    "std": 70.44163278105248,
    "min": 11248.676,
    "max": 11579.934
  },
  "compute_us": {
    "p50": 11289.148000000001,
    "p90": 11437.152,
    "p99": 11511.9876,
    "p99.9": 11528.682573,
    "p99.99": 11533.384557299998,
    "mean": 11313.114836666668,
    "std": 64.24460356079194,
    "min": 11230.987,
    "max": 11533.907
  },
  "release_jitter_us": {
    "p50": 18.098,
    "p90": 33.557100000000005,
    "p99": 46.044119999999985,
    "p99.9": 51.389180000000046,
    "p99.99": 51.975817999999876,
    "mean": 20.74126,
    "std": 7.179152730352888,
    "min": 11.378,
    "max": 52.041
  }
}