{
  "meta": {
    "label": "emc665_gpu1020_mobilenet",
    "backend": "onnxruntime-cuda",
    "model": "mobilenetv2-12.onnx",
    "hz": 8.0,
    "period_us": 125000.0,
    "deadline_us": 125000.0,
    "iters": 300,
    "warmup": 50,
    "cpu": 5,
    "prio": 80,
    "mlock": true,
    "host": "jetson-orin",
    "kernel": "5.15.185-tegra",
    "python": "3.10.12",
    "timestamp": "2026-06-12T02:01:46.475451+00:00",
    "rt_warnings": []
  },
  "deadline_miss_count": 0,
  "deadline_miss_rate": 0.0,
  "response_us": {
    "p50": 8565.549500000001,
    "p90": 8681.268399999999,
    "p99": 8876.222929999994,
    "p99.9": 10634.67469800003,
    "p99.99": 11004.713569799924,
    "mean": 8599.814793333333,
    "std": 173.27489553024492,
    "min": 8512.041,
    "max": 11045.829
  },
  "compute_us": {
    "p50": 8546.9115,
    "p90": 8654.2813,
    "p99": 8827.324909999994,
    "p99.9": 10523.510660000029,
    "p99.99": 10895.584465999924,
    "mean": 8578.284000000001,
    "std": 164.41523345689916,
    "min": 8494.206,
    "max": 10936.926
  },
  "release_jitter_us": {
    "p50": 18.3215,
    "p90": 30.5627,
    "p99": 48.89801999999979,
    "p99.9": 114.20396200000017,
    "p99.99": 116.23889619999959,
    "mean": 21.53079333333333,
    "std": 10.39358391784513,
    "min": 12.865,
    "max": 116.465
  }
}