{
  "meta": {
    "label": "emc665_gpu714_cproxyv2",
    "backend": "onnxruntime-cuda",
    "model": "compute_proxy_fp16.onnx",
    "hz": 3.0,
    "period_us": 333333.333,
    "deadline_us": 333333.333,
    "iters": 300,
    "warmup": 50,
    "cpu": 5,
    "prio": 80,
    "mlock": true,
    "host": "jetson-orin",
    "kernel": "5.15.185-tegra",
    "python": "3.10.12",
    "timestamp": "2026-06-12T01:51:23.153745+00:00",
    "rt_warnings": []
  },
  "deadline_miss_count": 0,
  "deadline_miss_rate": 0.0,
  "response_us": {
    "p50": 44231.851500000004,
    "p90": 44426.9308,
    "p99": 44496.400310000005,
    "p99.9": 44662.71534100001,
    "p99.99": 44716.43873409999,
    "mean": 44265.46285333333,
    "std": 105.5552795731468,
    "min": 43877.138,
    "max": 44722.408
  },
  "compute_us": {
    "p50": 44208.0705,
    "p90": 44379.467000000004,
    "p99": 44439.96949,
    "p99.9": 44608.63256900001,
    "p99.99": 44663.332256899994,
    "mean": 44234.071110000004,
    "std": 96.2386112582571,
    "min": 43855.757,
    "max": 44669.41
  },
  "release_jitter_us": {
    "p50": 26.137999999999998,
    "p90": 49.1073,
    "p99": 57.51282,
    "p99.9": 60.446612000000066,
    "p99.99": 61.310961199999824,
    "mean": 31.391743333333338,
    "std": 11.063148156415012,
    "min": 16.676,
    "max": 61.407
  }
}