{
  "meta": {
    "label": "g25_proxy",
    "backend": "onnxruntime-cuda",
    "model": "decode_proxy_fp16.onnx",
    "hz": 8.0,
    "period_us": 125000.0,
    "deadline_us": 125000.0,
    "iters": 480,
    "warmup": 50,
    "cpu": 5,
    "prio": 80,
    "mlock": true,
    "host": "jetson-orin",
    "kernel": "5.15.185-tegra",
    "python": "3.10.12",
    "timestamp": "2026-06-12T06:21:44.521039+00:00",
    "rt_warnings": []
  },
  "deadline_miss_count": 0,
  "deadline_miss_rate": 0.0,
  "response_us": {
    "p50": 5002.690500000001,
    "p90": 5047.466600000001,
    "p99": 5160.492429999999,
    "p99.9": 5268.283754000001,
    "p99.99": 5273.575075399999,
    "mean": 5011.822829166666,
    "std": 34.13498850513673,
    "min": 4977.3,
    "max": 5274.163
  },
  "compute_us": {
    "p50": 4985.124,
    "p90": 5019.6274,
    "p99": 5127.020479999999,
    "p99.9": 5211.866553000001,
    "p99.99": 5217.1229553,
    "mean": 4993.351504166667,
    "std": 29.61227833285516,
    "min": 4964.227,
    "max": 5217.707
  },
  "release_jitter_us": {
    "p50": 17.131,
    "p90": 23.8684,
    "p99": 35.721049999999934,
    "p99.9": 56.417201000000006,
    "p99.99": 56.4521201,
    "mean": 18.471325,
    "std": 5.150259399069947,
    "min": 10.801,
    "max": 56.456
  }
}