{
  "meta": {
    "label": "g25_mobilenet",
    "backend": "onnxruntime-cuda",
    "model": "mobilenetv2-12.onnx",
    "hz": 8.0,
    "period_us": 125000.0,
    "deadline_us": 125000.0,
    "iters": 480,
    "warmup": 50,
    "cpu": 5,
    "prio": 80,
    "mlock": true,
    "host": "jetson-orin",
    "kernel": "5.15.185-tegra",
    "python": "3.10.12",
    "timestamp": "2026-06-12T06:20:41.798604+00:00",
    "rt_warnings": []
  },
  "deadline_miss_count": 0,
  "deadline_miss_rate": 0.0,
  "response_us": {
    "p50": 4650.4145,
    "p90": 4715.974,
    "p99": 4914.55235,
    "p99.9": 5054.034407000007,
    "p99.99": 5093.508940699998,
    "mean": 4662.543660416666,
    "std": 54.30926040533298,
    "min": 4603.284,
    "max": 5097.895
  },
  "compute_us": {
    "p50": 4628.5705,
    "p90": 4688.3906,
    "p99": 4864.556729999999,
    "p99.9": 5003.542610000006,
    "p99.99": 5040.362860999998,
    "mean": 4641.481622916665,
    "std": 49.41140971043419,
    "min": 4588.058,
    "max": 5044.454
  },
  "release_jitter_us": {
    "p50": 20.308,
    "p90": 26.450800000000005,
    "p99": 41.81118999999986,
    "p99.9": 54.98837000000022,
    "p99.99": 56.26873699999992,
    "mean": 21.062037499999995,
    "std": 5.454959727036832,
    "min": 13.154,
    "max": 56.411
  }
}