{
  "meta": {
    "label": "r25_emc204_proxy",
    "backend": "onnxruntime-cuda",
    "model": "decode_proxy_fp16.onnx",
    "hz": 8.0,
    "period_us": 125000.0,
    "deadline_us": 125000.0,
    "iters": 300,
    "warmup": 50,
    "cpu": 5,
    "prio": 80,
    "mlock": true,
    "host": "jetson-orin",
    "kernel": "5.15.185-tegra",
    "python": "3.10.12",
    "timestamp": "2026-06-12T03:36:21.702818+00:00",
    "rt_warnings": []
  },
  "deadline_miss_count": 0,
  "deadline_miss_rate": 0.0,
  "response_us": {
    "p50": 68686.6085,
    "p90": 70166.767,
    "p99": 72421.91275,
    "p99.9": 73491.837077,
    "p99.99": 73530.90420769999,
    "mean": 69195.87451000001,
    "std": 914.4159386176383,
    "min": 68524.769,
    "max": 73535.245
  },
  "compute_us": {
    "p50": 68661.547,
    "p90": 70134.5827,
    "p99": 72390.0715,
    "p99.9": 73471.319791,
    "p99.99": 73516.82217909998,
    "mean": 69173.50931666668,
    "std": 913.6440849563774,
    "min": 68509.879,
    "max": 73521.878
  },
  "release_jitter_us": {
    "p50": 19.884,
    "p90": 30.774800000000003,
    "p99": 57.09190999999999,
    "p99.9": 66.76581500000013,
    "p99.99": 68.46518149999964,
    "mean": 22.365193333333334,
    "std": 9.058913581437652,
    "min": 10.222,
    "max": 68.654
  }
}