{
  "meta": {
    "label": "r25_emc3199_proxy",
    "backend": "onnxruntime-cuda",
    "model": "decode_proxy_fp16.onnx",
    "hz": 8.0,
    "period_us": 125000.0,
    "deadline_us": 125000.0,
    "iters": 300,
    "warmup": 50,
    "cpu": 5,
    "prio": 80,
    "mlock": true,
    "host": "jetson-orin",
    "kernel": "5.15.185-tegra",
    "python": "3.10.12",
    "timestamp": "2026-06-12T03:45:51.563939+00:00",
    "rt_warnings": []
  },
  "deadline_miss_count": 0,
  "deadline_miss_rate": 0.0,
  "response_us": {
    "p50": 5000.9745,
    "p90": 5032.181299999999,
    "p99": 5066.77183,
    "p99.9": 5074.544552,
    "p99.99": 5077.007355199999,
    "mean": 5004.308843333333,
    "std": 20.293347238741124,
    "min": 4971.497,
    "max": 5077.281
  },
  "compute_us": {
    "p50": 4980.188,
    "p90": 5006.7737,
    "p99": 5033.02996,
    "p99.9": 5041.074085,
    "p99.99": 5043.115208499999,
    "mean": 4983.735013333332,
    "std": 16.198417578264312,
    "min": 4954.059,
    "max": 5043.342
  },
  "release_jitter_us": {
    "p50": 20.655,
    "p90": 25.8045,
    "p99": 33.44696999999999,
    "p99.9": 34.88480000000002,
    "p99.99": 35.100079999999956,
    "mean": 20.573829999999997,
    "std": 4.7897654251295725,
    "min": 12.299,
    "max": 35.124
  }
}