{
  "meta": {
    "label": "r25_emc665_proxy",
    "backend": "onnxruntime-cuda",
    "model": "decode_proxy_fp16.onnx",
    "hz": 8.0,
    "period_us": 125000.0,
    "deadline_us": 125000.0,
    "iters": 300,
    "warmup": 50,
    "cpu": 5,
    "prio": 80,
    "mlock": true,
    "host": "jetson-orin",
    "kernel": "5.15.185-tegra",
    "python": "3.10.12",
    "timestamp": "2026-06-12T03:39:38.508930+00:00",
    "rt_warnings": []
  },
  "deadline_miss_count": 0,
  "deadline_miss_rate": 0.0,
  "response_us": {
    "p50": 21217.771999999997,
    "p90": 21525.8353,
    "p99": 21864.38459,
    "p99.9": 22470.523973000014,
    "p99.99": 22652.67049729996,
    "mean": 21292.030433333333,
    "std": 174.66157426344685,
    "min": 21160.273,
    "max": 22672.909
  },
  "compute_us": {
    "p50": 21193.8385,
    "p90": 21487.91,
    "p99": 21801.612409999998,
    "p99.9": 22443.077871000016,
    "p99.99": 22632.83938709996,
    "mean": 21267.485273333335,
    "std": 169.58946899981328,
    "min": 21144.093,
    "max": 22653.924
  },
  "release_jitter_us": {
    "p50": 22.209,
    "p90": 35.20250000000001,
    "p99": 59.727569999999965,
    "p99.9": 85.20630400000003,
    "p99.99": 85.61103039999992,
    "mean": 24.545159999999996,
    "std": 10.086160471048105,
    "min": 12.012,
    "max": 85.656
  }
}