{
  "meta": {
    "label": "r25_emc3199_cproxyv2",
    "backend": "onnxruntime-cuda",
    "model": "compute_proxy_fp16.onnx",
    "hz": 3.0,
    "period_us": 333333.333,
    "deadline_us": 333333.333,
    "iters": 300,
    "warmup": 50,
    "cpu": 5,
    "prio": 80,
    "mlock": true,
    "host": "jetson-orin",
    "kernel": "5.15.185-tegra",
    "python": "3.10.12",
    "timestamp": "2026-06-12T03:47:33.808031+00:00",
    "rt_warnings": []
  },
  "deadline_miss_count": 0,
  "deadline_miss_rate": 0.0,
  "response_us": {
    "p50": 17144.118000000002,
    "p90": 17214.9084,
    "p99": 17411.100169999998,
    "p99.9": 17678.568802000005,
    "p99.99": 17738.95538019999,
    "mean": 17154.526490000004,
    "std": 70.41903345462242,
    "min": 17034.255,
    "max": 17745.665
  },
  "compute_us": {
    "p50": 17113.002999999997,
    "p90": 17177.532,
    "p99": 17348.38739,
    "p99.9": 17632.476291000003,
    "p99.99": 17685.109829099987,
    "mean": 17122.847260000002,
    "std": 65.70064181999336,
    "min": 17009.82,
    "max": 17690.958
  },
  "release_jitter_us": {
    "p50": 27.8395,
    "p90": 46.633500000000005,
    "p99": 51.965019999999996,
    "p99.9": 60.58768900000018,
    "p99.99": 62.845168899999535,
    "mean": 31.67923,
    "std": 8.911786566701053,
    "min": 15.309,
    "max": 63.096
  }
}