{
  "meta": {
    "label": "r25_emc2133_cproxyv2",
    "backend": "onnxruntime-cuda",
    "model": "compute_proxy_fp16.onnx",
    "hz": 3.0,
    "period_us": 333333.333,
    "deadline_us": 333333.333,
    "iters": 300,
    "warmup": 50,
    "cpu": 5,
    "prio": 80,
    "mlock": true,
    "host": "jetson-orin",
    "kernel": "5.15.185-tegra",
    "python": "3.10.12",
    "timestamp": "2026-06-12T03:44:28.655748+00:00",
    "rt_warnings": []
  },
  "deadline_miss_count": 0,
  "deadline_miss_rate": 0.0,
  "response_us": {
    "p50": 18226.4175,
    "p90": 18403.3966,
    "p99": 18700.761410000003,
    "p99.9": 18771.260885,
    "p99.99": 18774.055488500002,
    "mean": 18242.980010000003,
    "std": 126.93347273958086,
    "min": 18031.094,
    "max": 18774.366
  },
  "compute_us": {
    "p50": 18191.076500000003,
    "p90": 18359.6868,
    "p99": 18627.48761,
    "p99.9": 18692.603064,
    "p99.99": 18694.5578064,
    "mean": 18203.516546666666,
    "std": 118.71312642916887,
    "min": 18013.286,
    "max": 18694.775
  },
  "release_jitter_us": {
    "p50": 37.4915,
    "p90": 48.35210000000001,
    "p99": 76.37694,
    "p99.9": 78.86443000000006,
    "p99.99": 79.51834299999986,
    "mean": 39.46346333333334,
    "std": 9.422268802610947,
    "min": 17.808,
    "max": 79.591
  }
}