{
  "meta": {
    "label": "r25_emc204_mobilenet",
    "backend": "onnxruntime-cuda",
    "model": "mobilenetv2-12.onnx",
    "hz": 8.0,
    "period_us": 125000.0,
    "deadline_us": 125000.0,
    "iters": 300,
    "warmup": 50,
    "cpu": 5,
    "prio": 80,
    "mlock": true,
    "host": "jetson-orin",
    "kernel": "5.15.185-tegra",
    "python": "3.10.12",
    "timestamp": "2026-06-12T03:35:34.302709+00:00",
    "rt_warnings": []
  },
  "deadline_miss_count": 0,
  "deadline_miss_rate": 0.0,
  "response_us": {
    "p50": 22894.493,
    "p90": 24367.9468,
    "p99": 25384.70947,
    "p99.9": 29246.1311010001,
    "p99.99": 30501.321410099747,
    "mean": 23254.926303333337,
    "std": 777.9408209580114,
    "min": 22562.577,
    "max": 30640.787
  },
  "compute_us": {
    "p50": 22868.023999999998,
    "p90": 24288.2777,
    "p99": 25326.30461,
    "p99.9": 29003.170379000094,
    "p99.99": 30175.39123789976,
    "mean": 23218.52089666667,
    "std": 756.6382456070311,
    "min": 22538.752,
    "max": 30305.638
  },
  "release_jitter_us": {
    "p50": 28.419,
    "p90": 69.6883,
    "p99": 104.72973999999998,
    "p99.9": 271.61478900000463,
    "p99.99": 328.7955788999884,
    "mean": 36.405406666666664,
    "std": 26.702297178107273,
    "min": 16.089,
    "max": 335.149
  }
}