{
  "meta": {
    "label": "r25_gov_mobilenet",
    "backend": "onnxruntime-cuda",
    "model": "mobilenetv2-12.onnx",
    "hz": 8.0,
    "period_us": 125000.0,
    "deadline_us": 125000.0,
    "iters": 600,
    "warmup": 50,
    "cpu": 5,
    "prio": 80,
    "mlock": true,
    "host": "jetson-orin",
    "kernel": "5.15.185-tegra",
    "python": "3.10.12",
    "timestamp": "2026-06-12T03:34:48.137865+00:00",
    "rt_warnings": []
  },
  "deadline_miss_count": 0,
  "deadline_miss_rate": 0.0,
  "response_us": {
    "p50": 4648.021,
    "p90": 4712.9016,
    "p99": 4768.569399999999,
    "p99.9": 4844.541999,
    "p99.99": 4846.3743999,
    "mean": 4658.058866666667,
    "std": 38.61080788387567,
    "min": 4603.011,
    "max": 4846.578
  },
  "compute_us": {
    "p50": 4628.0545,
    "p90": 4690.0848000000005,
    "p99": 4737.131560000001,
    "p99.9": 4805.106488,
    "p99.99": 4807.4181487999995,
    "mean": 4638.041880000001,
    "std": 35.512795322234666,
    "min": 4586.325,
    "max": 4807.675
  },
  "release_jitter_us": {
    "p50": 20.074,
    "p90": 24.35620000000001,
    "p99": 30.775459999999992,
    "p99.9": 39.25948900000006,
    "p99.99": 39.738748899999926,
    "mean": 20.016986666666664,
    "std": 3.7983710688252788,
    "min": 12.437,
    "max": 39.792
  }
}