{
  "meta": {
    "label": "r25_emc665_cproxyv2",
    "backend": "onnxruntime-cuda",
    "model": "compute_proxy_fp16.onnx",
    "hz": 3.0,
    "period_us": 333333.333,
    "deadline_us": 333333.333,
    "iters": 300,
    "warmup": 50,
    "cpu": 5,
    "prio": 80,
    "mlock": true,
    "host": "jetson-orin",
    "kernel": "5.15.185-tegra",
    "python": "3.10.12",
    "timestamp": "2026-06-12T03:41:22.604175+00:00",
    "rt_warnings": []
  },
  "deadline_miss_count": 0,
  "deadline_miss_rate": 0.0,
  "response_us": {
    "p50": 43354.388,
    "p90": 43915.094,
    "p99": 44544.85521,
    "p99.9": 44849.060675,
    "p99.99": 44864.715567499996,
    "mean": 43424.256643333334,
    "std": 350.33240548200723,
    "min": 42581.954,
    "max": 44866.455
  },
  "compute_us": {
    "p50": 43308.709,
    "p90": 43873.635,
    "p99": 44520.81722,
    "p99.9": 44763.249482,
    "p99.99": 44769.1917482,
    "mean": 43387.825203333334,
    "std": 344.2085264566454,
    "min": 42558.497,
    "max": 44769.852
  },
  "release_jitter_us": {
    "p50": 30.448,
    "p90": 56.132600000000004,
    "p99": 82.01939999999999,
    "p99.9": 94.34674600000017,
    "p99.99": 96.37737459999958,
    "mean": 36.43144,
    "std": 14.732759901652281,
    "min": 17.639,
    "max": 96.603
  }
}