{
  "meta": {
    "label": "r25_emc665_mobilenet",
    "backend": "onnxruntime-cuda",
    "model": "mobilenetv2-12.onnx",
    "hz": 8.0,
    "period_us": 125000.0,
    "deadline_us": 125000.0,
    "iters": 300,
    "warmup": 50,
    "cpu": 5,
    "prio": 80,
    "mlock": true,
    "host": "jetson-orin",
    "kernel": "5.15.185-tegra",
    "python": "3.10.12",
    "timestamp": "2026-06-12T03:38:56.576108+00:00",
    "rt_warnings": []
  },
  "deadline_miss_count": 0,
  "deadline_miss_rate": 0.0,
  "response_us": {
    "p50": 8746.4935,
    "p90": 8941.8117,
    "p99": 9169.71559,
    "p99.9": 9253.587946000001,
    "p99.99": 9263.4762946,
    "mean": 8786.79386,
    "std": 111.52728323694487,
    "min": 8660.169,
    "max": 9264.575
  },
  "compute_us": {
    "p50": 8724.095000000001,
    "p90": 8916.533,
    "p99": 9150.59209,
    "p99.9": 9223.857042000001,
    "p99.99": 9238.023004199997,
    "mean": 8762.635526666667,
    "std": 107.8905316229493,
    "min": 8638.461,
    "max": 9239.597
  },
  "release_jitter_us": {
    "p50": 23.5015,
    "p90": 31.74030000000001,
    "p99": 40.59138,
    "p99.9": 42.705921000000046,
    "p99.99": 43.303592099999875,
    "mean": 24.158333333333335,
    "std": 5.41323109878831,
    "min": 14.892,
    "max": 43.37
  }
}