{
  "meta": {
    "label": "r25_emc2133_mobilenet",
    "backend": "onnxruntime-cuda",
    "model": "mobilenetv2-12.onnx",
    "hz": 8.0,
    "period_us": 125000.0,
    "deadline_us": 125000.0,
    "iters": 300,
    "warmup": 50,
    "cpu": 5,
    "prio": 80,
    "mlock": true,
    "host": "jetson-orin",
    "kernel": "5.15.185-tegra",
    "python": "3.10.12",
    "timestamp": "2026-06-12T03:42:05.848652+00:00",
    "rt_warnings": []
  },
  "deadline_miss_count": 0,
  "deadline_miss_rate": 0.0,
  "response_us": {
    "p50": 5097.313,
    "p90": 5156.1230000000005,
    "p99": 5253.75917,
    "p99.9": 5290.1325400000005,
    "p99.99": 5297.005353999999,
    "mean": 5104.413316666667,
    "std": 42.44086642034684,
    "min": 5042.405,
    "max": 5297.769
  },
  "compute_us": {
    "p50": 5076.2755,
    "p90": 5131.9985,
    "p99": 5223.16381,
    "p99.9": 5260.406013,
    "p99.99": 5266.571901299998,
    "mean": 5083.388963333333,
    "std": 39.6602123107696,
    "min": 5026.002,
    "max": 5267.257
  },
  "release_jitter_us": {
    "p50": 21.275,
    "p90": 25.6063,
    "p99": 28.973539999999986,
    "p99.9": 32.96963600000007,
    "p99.99": 33.89426359999981,
    "mean": 21.02435333333333,
    "std": 3.649916104308274,
    "min": 11.703,
    "max": 33.997
  }
}