{
  "meta": {
    "label": "r25_emc2133_proxy",
    "backend": "onnxruntime-cuda",
    "model": "decode_proxy_fp16.onnx",
    "hz": 8.0,
    "period_us": 125000.0,
    "deadline_us": 125000.0,
    "iters": 300,
    "warmup": 50,
    "cpu": 5,
    "prio": 80,
    "mlock": true,
    "host": "jetson-orin",
    "kernel": "5.15.185-tegra",
    "python": "3.10.12",
    "timestamp": "2026-06-12T03:42:46.206160+00:00",
    "rt_warnings": []
  },
  "deadline_miss_count": 0,
  "deadline_miss_rate": 0.0,
  "response_us": {
    "p50": 6630.334,
    "p90": 6822.2092,
    "p99": 6897.24167,
    "p99.9": 6942.566251,
    "p99.99": 6947.0201251,
    "mean": 6670.359326666667,
    "std": 82.67601620244302,
    "min": 6595.447,
    "max": 6947.515
  },
  "compute_us": {
    "p50": 6608.4625,
    "p90": 6778.6984,
    "p99": 6844.18324,
    "p99.9": 6875.997179,
    "p99.99": 6877.8483178999995,
    "mean": 6644.5318800000005,
    "std": 71.08470176204536,
    "min": 6579.902,
    "max": 6878.054
  },
  "release_jitter_us": {
    "p50": 20.596,
    "p90": 42.347,
    "p99": 60.67789999999998,
    "p99.9": 67.94387400000011,
    "p99.99": 69.30928739999972,
    "mean": 25.827446666666667,
    "std": 12.26491308165243,
    "min": 13.077,
    "max": 69.461
  }
}