{
  "meta": {
    "label": "r25_emc204_cproxyv2",
    "backend": "onnxruntime-cuda",
    "model": "compute_proxy_fp16.onnx",
    "hz": 3.0,
    "period_us": 333333.333,
    "deadline_us": 333333.333,
    "iters": 300,
    "warmup": 50,
    "cpu": 5,
    "prio": 80,
    "mlock": true,
    "host": "jetson-orin",
    "kernel": "5.15.185-tegra",
    "python": "3.10.12",
    "timestamp": "2026-06-12T03:38:12.419353+00:00",
    "rt_warnings": []
  },
  "deadline_miss_count": 0,
  "deadline_miss_rate": 0.0,
  "response_us": {
    "p50": 140283.3145,
    "p90": 143648.6447,
    "p99": 146878.11086,
    "p99.9": 148290.10917200003,
    "p99.99": 148739.1757171999,
    "mean": 140992.1948366667,
    "std": 1908.0855110816065,
    "min": 138943.937,
    "max": 148789.072
  },
  "compute_us": {
    "p50": 140235.298,
    "p90": 143544.3046,
    "p99": 146731.39908,
    "p99.9": 148209.77008300004,
    "p99.99": 148676.9231082999,
    "mean": 140907.98511333336,
    "std": 1876.6844327943954,
    "min": 138898.016,
    "max": 148728.829
  },
  "release_jitter_us": {
    "p50": 62.5535,
    "p90": 165.58240000000004,
    "p99": 273.4113699999999,
    "p99.9": 321.6588680000009,
    "p99.99": 332.76408679999776,
    "mean": 84.20972333333334,
    "std": 59.69377741965061,
    "min": 20.819,
    "max": 333.998
  }
}