{
  "meta": {
    "label": "r25_emc3199_mobilenet",
    "backend": "onnxruntime-cuda",
    "model": "mobilenetv2-12.onnx",
    "hz": 8.0,
    "period_us": 125000.0,
    "deadline_us": 125000.0,
    "iters": 300,
    "warmup": 50,
    "cpu": 5,
    "prio": 80,
    "mlock": true,
    "host": "jetson-orin",
    "kernel": "5.15.185-tegra",
    "python": "3.10.12",
    "timestamp": "2026-06-12T03:45:11.516451+00:00",
    "rt_warnings": []
  },
  "deadline_miss_count": 0,
  "deadline_miss_rate": 0.0,
  "response_us": {
    "p50": 4617.0575,
    "p90": 4687.0974,
    "p99": 4709.14002,
    "p99.9": 4780.144132000001,
    "p99.99": 4792.181513199997,
    "mean": 4630.301543333333,
    "std": 35.16680553222678,
    "min": 4584.109,
    "max": 4793.519
  },
  "compute_us": {
    "p50": 4597.938,
    "p90": 4659.1006,
    "p99": 4687.18384,
    "p99.9": 4748.757178000001,
    "p99.99": 4760.753117799998,
    "mean": 4610.078006666667,
    "std": 30.76748707049842,
    "min": 4569.121,
    "max": 4762.086
  },
  "release_jitter_us": {
    "p50": 18.6725,
    "p90": 27.879800000000003,
    "p99": 31.52036999999998,
    "p99.9": 35.125947000000004,
    "p99.99": 35.1385947,
    "mean": 20.223536666666664,
    "std": 5.103029919762267,
    "min": 11.802,
    "max": 35.14
  }
}