{
  "meta": {
    "label": "emc2133_adv0_proxy",
    "backend": "onnxruntime-cuda",
    "model": "decode_proxy_fp16.onnx",
    "hz": 25.0,
    "period_us": 40000.0,
    "deadline_us": 40000.0,
    "iters": 100000,
    "warmup": 100,
    "cpu": 5,
    "prio": 80,
    "mlock": true,
    "host": "jetson-orin",
    "kernel": "5.15.185-tegra",
    "python": "3.10.12",
    "timestamp": "2026-06-11T10:54:35.944697+00:00",
    "rt_warnings": []
  },
  "deadline_miss_count": 0,
  "deadline_miss_rate": 0.0,
  "response_us": {
    "p50": 6546.146,
    "p90": 6562.520100000001,
    "p99": 6626.72813,
    "p99.9": 6697.6122270000005,
    "p99.99": 6755.771205499979,
    "mean": 6550.495767099999,
    "std": 17.003256183030285,
    "min": 6527.115,
    "max": 6986.404
  },
  "compute_us": {
    "p50": 6536.446,
    "p90": 6549.8104,
    "p99": 6602.75648,
    "p99.9": 6684.678063,
    "p99.99": 6725.123017099998,
    "mean": 6539.931093519999,
    "std": 15.282510673931624,
    "min": 6518.528,
    "max": 6977.744
  },
  "release_jitter_us": {
    "p50": 9.479,
    "p90": 14.17,
    "p99": 22.745,
    "p99.9": 29.520001000000004,
    "p99.99": 36.5570744999927,
    "mean": 10.564673580000001,
    "std": 2.7988635697100324,
    "min": 7.422,
    "max": 45.102
  }
}