{
  "meta": {
    "label": "emc2133_adv2_mobilenet",
    "backend": "onnxruntime-cuda",
    "model": "mobilenetv2-12.onnx",
    "hz": 50.0,
    "period_us": 20000.0,
    "deadline_us": 20000.0,
    "iters": 100000,
    "warmup": 100,
    "cpu": 5,
    "prio": 80,
    "mlock": true,
    "host": "jetson-orin",
    "kernel": "5.15.185-tegra",
    "python": "3.10.12",
    "timestamp": "2026-06-11T07:32:55.969465+00:00",
    "rt_warnings": []
  },
  "deadline_miss_count": 0,
  "deadline_miss_rate": 0.0,
  "response_us": {
    "p50": 5301.032,
    "p90": 5339.076,
    "p99": 5430.85823,
    "p99.9": 5625.648312000001,
    "p99.99": 5827.170165399885,
    "mean": 5308.430072470001,
    "std": 32.49570508149805,
    "min": 5249.571,
    "max": 5978.621
  },
  "compute_us": {
    "p50": 5288.879,
    "p90": 5323.439,
    "p99": 5404.657,
    "p99.9": 5591.320088000005,
    "p99.99": 5780.667764899926,
    "mean": 5295.287383159999,
    "std": 29.76989822869988,
    "min": 5238.574,
    "max": 5928.928
  },
  "release_jitter_us": {
    "p50": 11.782,
    "p90": 18.307,
    "p99": 28.399099999999947,
    "p99.9": 37.34000700000003,
    "p99.99": 56.92400449999956,
    "mean": 13.142689310000002,
    "std": 3.790860567153812,
    "min": 8.479,
    "max": 77.901
  }
}