{
  "meta": {
    "label": "emc2133_adv0_mobilenet",
    "backend": "onnxruntime-cuda",
    "model": "mobilenetv2-12.onnx",
    "hz": 50.0,
    "period_us": 20000.0,
    "deadline_us": 20000.0,
    "iters": 100000,
    "warmup": 100,
    "cpu": 5,
    "prio": 80,
    "mlock": true,
    "host": "jetson-orin",
    "kernel": "5.15.185-tegra",
    "python": "3.10.12",
    "timestamp": "2026-06-11T06:59:26.845604+00:00",
    "rt_warnings": []
  },
  "deadline_miss_count": 0,
  "deadline_miss_rate": 0.0,
  "response_us": {
    "p50": 4702.983,
    "p90": 4722.0251,
    "p99": 4805.974,
    "p99.9": 4850.357151,
    "p99.99": 5113.312490599854,
    "mean": 4707.1862977,
    "std": 20.250075012782904,
    "min": 4667.36,
    "max": 5254.665
  },
  "compute_us": {
    "p50": 4691.84,
    "p90": 4709.2421,
    "p99": 4783.36332,
    "p99.9": 4830.032557000002,
    "p99.99": 5089.805667899935,
    "mean": 4695.56837396,
    "std": 18.55327501070078,
    "min": 4656.856,
    "max": 5200.936
  },
  "release_jitter_us": {
    "p50": 10.888,
    "p90": 14.233100000000006,
    "p99": 22.879009999999997,
    "p99.9": 27.990006000000022,
    "p99.99": 42.60807099999304,
    "mean": 11.61792374,
    "std": 2.435759211651351,
    "min": 8.289,
    "max": 55.142
  }
}