{
  "meta": {
    "label": "emc2133_adv4_proxy",
    "backend": "onnxruntime-cuda",
    "model": "decode_proxy_fp16.onnx",
    "hz": 25.0,
    "period_us": 40000.0,
    "deadline_us": 40000.0,
    "iters": 100000,
    "warmup": 100,
    "cpu": 5,
    "prio": 80,
    "mlock": true,
    "host": "jetson-orin",
    "kernel": "5.15.185-tegra",
    "python": "3.10.12",
    "timestamp": "2026-06-11T12:01:25.410370+00:00",
    "rt_warnings": []
  },
  "deadline_miss_count": 0,
  "deadline_miss_rate": 0.0,
  "response_us": {
    "p50": 8716.736499999999,
    "p90": 8763.397200000001,
    "p99": 8836.05412,
    "p99.9": 8891.789668000003,
    "p99.99": 8965.798026899998,
    "mean": 8721.542704889998,
    "std": 34.160028779602044,
    "min": 8595.539,
    "max": 9303.441
  },
  "compute_us": {
    "p50": 8703.989,
    "p90": 8745.335,
    "p99": 8813.62401,
    "p99.9": 8872.251221,
    "p99.99": 8938.492678399934,
    "mean": 8707.71574712,
    "std": 31.470762011184473,
    "min": 8586.802,
    "max": 9248.101
  },
  "release_jitter_us": {
    "p50": 12.994,
    "p90": 19.28120000000001,
    "p99": 29.12007999999996,
    "p99.9": 36.62700100000001,
    "p99.99": 45.00106359999376,
    "mean": 13.826957769999998,
    "std": 4.665528202061008,
    "min": 7.841,
    "max": 60.07
  }
}