{
  "meta": {
    "label": "emc2133_adv4_mobilenet",
    "backend": "onnxruntime-cuda",
    "model": "mobilenetv2-12.onnx",
    "hz": 50.0,
    "period_us": 20000.0,
    "deadline_us": 20000.0,
    "iters": 100000,
    "warmup": 100,
    "cpu": 5,
    "prio": 80,
    "mlock": true,
    "host": "jetson-orin",
    "kernel": "5.15.185-tegra",
    "python": "3.10.12",
    "timestamp": "2026-06-11T08:06:25.307666+00:00",
    "rt_warnings": []
  },
  "deadline_miss_count": 0,
  "deadline_miss_rate": 0.0,
  "response_us": {
    "p50": 5321.971,
    "p90": 5371.774,
    "p99": 5458.19147,
    "p99.9": 5549.574019,
    "p99.99": 5819.106290099873,
    "mean": 5330.94895875,
    "std": 36.567749083497446,
    "min": 5260.372,
    "max": 6560.551
  },
  "compute_us": {
    "p50": 5308.530500000001,
    "p90": 5354.486,
    "p99": 5431.154210000001,
    "p99.9": 5515.801187000001,
    "p99.99": 5768.390633599938,
    "mean": 5316.327039039999,
    "std": 33.14830210414699,
    "min": 5247.437,
    "max": 6003.502
  },
  "release_jitter_us": {
    "p50": 12.911,
    "p90": 19.909,
    "p99": 29.969009999999997,
    "p99.9": 36.8841040000004,
    "p99.99": 57.22944969995592,
    "mean": 14.621919709999998,
    "std": 4.980742893161974,
    "min": 9.323,
    "max": 839.957
  }
}