{
  "meta": {
    "label": "emc3199_adv4_mobilenet",
    "backend": "onnxruntime-cuda",
    "model": "mobilenetv2-12.onnx",
    "hz": 50.0,
    "period_us": 20000.0,
    "deadline_us": 20000.0,
    "iters": 100000,
    "warmup": 100,
    "cpu": 5,
    "prio": 80,
    "mlock": true,
    "host": "jetson-orin",
    "kernel": "5.15.185-tegra",
    "python": "3.10.12",
    "timestamp": "2026-06-11T09:47:19.375783+00:00",
    "rt_warnings": []
  },
  "deadline_miss_count": 0,
  "deadline_miss_rate": 0.0,
  "response_us": {
    "p50": 4464.186,
    "p90": 4498.001,
    "p99": 4558.70318,
    "p99.9": 4624.348303000001,
    "p99.99": 4875.465988699903,
    "mean": 4470.36587842,
    "std": 25.138711959563846,
    "min": 4420.539,
    "max": 5028.948
  },
  "compute_us": {
    "p50": 4451.8099999999995,
    "p90": 4481.6961,
    "p99": 4533.82633,
    "p99.9": 4592.908183000005,
    "p99.99": 4833.291742399927,
    "mean": 4456.8534983,
    "std": 22.179538669558415,
    "min": 4410.367,
    "max": 4962.094
  },
  "release_jitter_us": {
    "p50": 11.844,
    "p90": 18.439100000000007,
    "p99": 26.336009999999995,
    "p99.9": 32.49501700000006,
    "p99.99": 50.535025299997514,
    "mean": 13.512380120000001,
    "std": 3.753766901448302,
    "min": 8.853,
    "max": 80.55
  }
}