{
  "meta": {
    "label": "emc3199_adv2_mobilenet",
    "backend": "onnxruntime-cuda",
    "model": "mobilenetv2-12.onnx",
    "hz": 50.0,
    "period_us": 20000.0,
    "deadline_us": 20000.0,
    "iters": 100000,
    "warmup": 100,
    "cpu": 5,
    "prio": 80,
    "mlock": true,
    "host": "jetson-orin",
    "kernel": "5.15.185-tegra",
    "python": "3.10.12",
    "timestamp": "2026-06-11T09:13:30.362350+00:00",
    "rt_warnings": []
  },
  "deadline_miss_count": 0,
  "deadline_miss_rate": 0.0,
  "response_us": {
    "p50": 4453.7215,
    "p90": 4482.6933,
    "p99": 4545.8891,
    "p99.9": 4624.133433000002,
    "p99.99": 4784.652220899979,
    "mean": 4459.528472769999,
    "std": 22.94377661574743,
    "min": 4416.581,
    "max": 4895.274
  },
  "compute_us": {
    "p50": 4442.335,
    "p90": 4467.8401,
    "p99": 4522.30465,
    "p99.9": 4599.555098000001,
    "p99.99": 4734.792527999949,
    "mean": 4447.030109779999,
    "std": 20.379841533043585,
    "min": 4405.627,
    "max": 4838.891
  },
  "release_jitter_us": {
    "p50": 11.108,
    "p90": 17.198,
    "p99": 25.409009999999995,
    "p99.9": 31.565001000000006,
    "p99.99": 43.92915339998497,
    "mean": 12.49836299,
    "std": 3.461319526898414,
    "min": 8.609,
    "max": 61.838
  }
}