{
  "meta": {
    "label": "emc3199_adv0_mobilenet",
    "backend": "onnxruntime-cuda",
    "model": "mobilenetv2-12.onnx",
    "hz": 50.0,
    "period_us": 20000.0,
    "deadline_us": 20000.0,
    "iters": 100000,
    "warmup": 100,
    "cpu": 5,
    "prio": 80,
    "mlock": true,
    "host": "jetson-orin",
    "kernel": "5.15.185-tegra",
    "python": "3.10.12",
    "timestamp": "2026-06-11T08:40:01.381134+00:00",
    "rt_warnings": []
  },
  "deadline_miss_count": 0,
  "deadline_miss_rate": 0.0,
  "response_us": {
    "p50": 4216.849,
    "p90": 4228.1282,
    "p99": 4260.21609,
    "p99.9": 4305.024076000001,
    "p99.99": 4355.991657099936,
    "mean": 4216.84619345,
    "std": 12.641649731059907,
    "min": 4181.592,
    "max": 4675.421
  },
  "compute_us": {
    "p50": 4206.137,
    "p90": 4216.698,
    "p99": 4243.162,
    "p99.9": 4282.589062,
    "p99.99": 4346.013249599975,
    "mean": 4205.83103915,
    "std": 11.786334230038502,
    "min": 4171.323,
    "max": 4619.172
  },
  "release_jitter_us": {
    "p50": 10.452,
    "p90": 13.218,
    "p99": 17.63306999999996,
    "p99.9": 23.221014000000054,
    "p99.99": 26.71200559999945,
    "mean": 11.015154300000003,
    "std": 1.805833981735727,
    "min": 8.072,
    "max": 56.249
  }
}