{
  "meta": {
    "label": "baseline_clocked",
    "backend": "onnxruntime-cuda",
    "model": "mobilenetv2-12.onnx",
    "hz": 100.0,
    "period_us": 10000.0,
    "deadline_us": 10000.0,
    "iters": 100000,
    "warmup": 2000,
    "cpu": 5,
    "prio": 80,
    "mlock": true,
    "host": "jetson-orin",
    "kernel": "5.15.185-tegra",
    "python": "3.10.12",
    "timestamp": "2026-06-05T06:48:11.068744+00:00",
    "rt_warnings": []
  },
  "deadline_miss_count": 0,
  "deadline_miss_rate": 0.0,
  "response_us": {
    "p50": 3904.736,
    "p90": 3912.665,
    "p99": 3924.80615,
    "p99.9": 3946.771400000002,
    "p99.99": 3982.3910953999907,
    "mean": 3905.3227234700007,
    "std": 6.3987689907560465,
    "min": 3885.359,
    "max": 4016.828
  },
  "compute_us": {
    "p50": 3893.611,
    "p90": 3901.389,
    "p99": 3912.857,
    "p99.9": 3932.5881110000005,
    "p99.99": 3959.0201773999825,
    "mean": 3894.16656874,
    "std": 6.191289525080766,
    "min": 3874.415,
    "max": 3985.841
  },
  "release_jitter_us": {
    "p50": 11.009,
    "p90": 12.265,
    "p99": 13.502009999999995,
    "p99.9": 17.64501000000004,
    "p99.99": 22.945008999999118,
    "mean": 11.156154730000003,
    "std": 0.935731786832438,
    "min": 9.075,
    "max": 31.61
  }
}