{
  "meta": {
    "label": "baseline",
    "backend": "onnxruntime-cuda",
    "model": "mobilenetv2-12.onnx",
    "hz": 100.0,
    "period_us": 10000.0,
    "deadline_us": 10000.0,
    "iters": 100000,
    "warmup": 2000,
    "cpu": 5,
    "prio": 80,
    "mlock": true,
    "host": "jetson-orin",
    "kernel": "5.15.185-tegra",
    "python": "3.10.12",
    "timestamp": "2026-06-05T06:04:43.581657+00:00",
    "rt_warnings": []
  },
  "deadline_miss_count": 0,
  "deadline_miss_rate": 0.0,
  "response_us": {
    "p50": 6333.202,
    "p90": 6402.9203,
    "p99": 6610.12022,
    "p99.9": 6651.583014,
    "p99.99": 6680.187072499993,
    "mean": 6346.229663709998,
    "std": 88.3470625534066,
    "min": 3928.304,
    "max": 6726.349
  },
  "compute_us": {
    "p50": 6306.6365000000005,
    "p90": 6379.5861,
    "p99": 6588.162060000001,
    "p99.9": 6626.767596000002,
    "p99.99": 6654.973128699988,
    "mean": 6322.128076419999,
    "std": 88.22901685097007,
    "min": 3915.366,
    "max": 6702.539
  },
  "release_jitter_us": {
    "p50": 24.839,
    "p90": 29.614,
    "p99": 34.179019999999994,
    "p99.9": 38.05400200000001,
    "p99.99": 45.004088299991345,
    "mean": 24.10158729,
    "std": 4.726481975421091,
    "min": 9.842,
    "max": 54.815
  }
}