{
  "meta": {
    "label": "p2_all",
    "backend": "onnxruntime-cuda",
    "model": "mobilenetv2-12.onnx",
    "hz": 100.0,
    "period_us": 10000.0,
    "deadline_us": 10000.0,
    "iters": 100000,
    "warmup": 2000,
    "cpu": 5,
    "prio": 80,
    "mlock": true,
    "host": "jetson-orin",
    "kernel": "5.15.185-tegra",
    "python": "3.10.12",
    "timestamp": "2026-06-07T03:57:58.471089+00:00",
    "rt_warnings": []
  },
  "deadline_miss_count": 0,
  "deadline_miss_rate": 0.0,
  "response_us": {
    "p50": 3899.729,
    "p90": 3906.9911,
    "p99": 3913.93108,
    "p99.9": 3931.3460550000004,
    "p99.99": 3971.594012099999,
    "mean": 3899.92587745,
    "std": 5.809417397775055,
    "min": 3880.207,
    "max": 4009.213
  },
  "compute_us": {
    "p50": 3889.33,
    "p90": 3896.498,
    "p99": 3903.18501,
    "p99.9": 3918.996197000001,
    "p99.99": 3949.461006699999,
    "mean": 3889.4949889500003,
    "std": 5.66064443273095,
    "min": 3869.369,
    "max": 3981.047
  },
  "release_jitter_us": {
    "p50": 10.329,
    "p90": 11.337,
    "p99": 12.264,
    "p99.9": 15.68204700000018,
    "p99.99": 22.832023599997687,
    "mean": 10.430888499999998,
    "std": 0.7437504690201883,
    "min": 8.613,
    "max": 28.166
  }
}