{
  "meta": {
    "label": "p2_cpu_only",
    "backend": "onnxruntime-cuda",
    "model": "mobilenetv2-12.onnx",
    "hz": 100.0,
    "period_us": 10000.0,
    "deadline_us": 10000.0,
    "iters": 100000,
    "warmup": 2000,
    "cpu": 5,
    "prio": 80,
    "mlock": true,
    "host": "jetson-orin",
    "kernel": "5.15.185-tegra",
    "python": "3.10.12",
    "timestamp": "2026-06-07T03:41:03.726046+00:00",
    "rt_warnings": []
  },
  "deadline_miss_count": 0,
  "deadline_miss_rate": 0.0,
  "response_us": {
    "p50": 6767.136,
    "p90": 6775.595,
    "p99": 6787.75002,
    "p99.9": 6804.497138000001,
    "p99.99": 6830.186057099994,
    "mean": 6764.01753183,
    "std": 85.68918277755125,
    "min": 3892.998,
    "max": 6854.805
  },
  "compute_us": {
    "p50": 6756.639,
    "p90": 6764.959,
    "p99": 6774.14201,
    "p99.9": 6793.022064,
    "p99.99": 6810.847012699998,
    "mean": 6753.43082444,
    "std": 85.65766089529926,
    "min": 3882.03,
    "max": 6829.918
  },
  "release_jitter_us": {
    "p50": 10.455,
    "p90": 11.384,
    "p99": 15.107,
    "p99.9": 15.952002000000007,
    "p99.99": 21.64701059999896,
    "mean": 10.58670739,
    "std": 0.9170544180196657,
    "min": 8.489,
    "max": 28.017
  }
}