{
  "meta": {
    "label": "p2_free",
    "backend": "onnxruntime-cuda",
    "model": "mobilenetv2-12.onnx",
    "hz": 100.0,
    "period_us": 10000.0,
    "deadline_us": 10000.0,
    "iters": 100000,
    "warmup": 2000,
    "cpu": 5,
    "prio": 80,
    "mlock": true,
    "host": "jetson-orin",
    "kernel": "5.15.185-tegra",
    "python": "3.10.12",
    "timestamp": "2026-06-07T03:07:13.815248+00:00",
    "rt_warnings": []
  },
  "deadline_miss_count": 0,
  "deadline_miss_rate": 0.0,
  "response_us": {
    "p50": 6913.023,
    "p90": 7118.9693,
    "p99": 7398.69342,
    "p99.9": 7535.760175000001,
    "p99.99": 7816.997391099471,
    "mean": 6964.571180050001,
    "std": 160.61702580701996,
    "min": 3935.932,
    "max": 8295.713
  },
  "compute_us": {
    "p50": 6880.5715,
    "p90": 7091.4583,
    "p99": 7373.06495,
    "p99.9": 7508.441722000002,
    "p99.99": 7787.382400499471,
    "mean": 6943.200318300001,
    "std": 156.75671736715546,
    "min": 3923.947,
    "max": 8268.127
  },
  "release_jitter_us": {
    "p50": 23.538,
    "p90": 35.7261,
    "p99": 43.671,
    "p99.9": 45.46800100000001,
    "p99.99": 49.43703519999655,
    "mean": 21.37086175,
    "std": 9.219543142520509,
    "min": 9.165,
    "max": 54.119
  }
}