{
  "meta": {
    "label": "p2_gpu_only",
    "backend": "onnxruntime-cuda",
    "model": "mobilenetv2-12.onnx",
    "hz": 100.0,
    "period_us": 10000.0,
    "deadline_us": 10000.0,
    "iters": 100000,
    "warmup": 2000,
    "cpu": 5,
    "prio": 80,
    "mlock": true,
    "host": "jetson-orin",
    "kernel": "5.15.185-tegra",
    "python": "3.10.12",
    "timestamp": "2026-06-07T03:24:08.766990+00:00",
    "rt_warnings": []
  },
  "deadline_miss_count": 0,
  "deadline_miss_rate": 0.0,
  "response_us": {
    "p50": 4863.2835,
    "p90": 7143.6114,
    "p99": 7489.486309999999,
    "p99.9": 7654.080381000002,
    "p99.99": 7783.5150165999985,
    "mean": 5272.46524451,
    "std": 1341.280353464578,
    "min": 3893.986,
    "max": 7932.111
  },
  "compute_us": {
    "p50": 4835.4395,
    "p90": 7114.4886,
    "p99": 7460.482639999999,
    "p99.9": 7626.491033,
    "p99.99": 7751.787363299964,
    "mean": 5248.192640589999,
    "std": 1338.6821872679066,
    "min": 3883.118,
    "max": 7902.347
  },
  "release_jitter_us": {
    "p50": 25.287,
    "p90": 39.753,
    "p99": 45.869009999999996,
    "p99.9": 47.90400700000003,
    "p99.99": 49.425009699999045,
    "mean": 24.272603919999995,
    "std": 10.349722414128827,
    "min": 9.187,
    "max": 59.401
  }
}