{
  "meta": {
    "label": "p3_baseline",
    "backend": "onnxruntime-cuda",
    "model": "mobilenetv2-12.onnx",
    "hz": 100.0,
    "period_us": 10000.0,
    "deadline_us": 10000.0,
    "iters": 100000,
    "warmup": 2000,
    "cpu": 5,
    "prio": 80,
    "mlock": true,
    "host": "jetson-orin",
    "kernel": "5.15.185-tegra",
    "python": "3.10.12",
    "timestamp": "2026-06-08T22:57:41.351316+00:00",
    "rt_warnings": []
  },
  "deadline_miss_count": 0,
  "deadline_miss_rate": 0.0,
  "response_us": {
    "p50": 3908.459,
    "p90": 3915.581,
    "p99": 3922.0700100000004,
    "p99.9": 3956.2393610000013,
    "p99.99": 3973.4270097999993,
    "mean": 3908.5527693599997,
    "std": 5.935096058170011,
    "min": 3883.361,
    "max": 4057.828
  },
  "compute_us": {
    "p50": 3897.488,
    "p90": 3904.56,
    "p99": 3910.993,
    "p99.9": 3937.362224000001,
    "p99.99": 3953.6820031999996,
    "mean": 3897.5854505800003,
    "std": 5.780052198644721,
    "min": 3871.536,
    "max": 4022.516
  },
  "release_jitter_us": {
    "p50": 10.879,
    "p90": 11.885,
    "p99": 12.939,
    "p99.9": 18.854023000000087,
    "p99.99": 22.52500599999941,
    "mean": 10.967318779999998,
    "std": 0.7640699503444116,
    "min": 8.75,
    "max": 35.312
  }
}