{
  "meta": {
    "label": "p3_cpu",
    "backend": "onnxruntime-cuda",
    "model": "mobilenetv2-12.onnx",
    "hz": 100.0,
    "period_us": 10000.0,
    "deadline_us": 10000.0,
    "iters": 100000,
    "warmup": 2000,
    "cpu": 5,
    "prio": 80,
    "mlock": true,
    "host": "jetson-orin",
    "kernel": "5.15.185-tegra",
    "python": "3.10.12",
    "timestamp": "2026-06-08T23:14:34.462420+00:00",
    "rt_warnings": []
  },
  "deadline_miss_count": 0,
  "deadline_miss_rate": 0.0,
  "response_us": {
    "p50": 3956.308,
    "p90": 3973.057,
    "p99": 3983.1591200000003,
    "p99.9": 3992.52703,
    "p99.99": 4005.566128399987,
    "mean": 3956.7856978800005,
    "std": 11.972702413929927,
    "min": 3920.761,
    "max": 4046.353
  },
  "compute_us": {
    "p50": 3941.297,
    "p90": 3957.106,
    "p99": 3966.226,
    "p99.9": 3973.5230630000005,
    "p99.99": 3983.826009699999,
    "mean": 3941.76996434,
    "std": 11.234993287459872,
    "min": 3907.281,
    "max": 4027.379
  },
  "release_jitter_us": {
    "p50": 14.752,
    "p90": 17.681,
    "p99": 19.757,
    "p99.9": 22.07000500000002,
    "p99.99": 23.99300009999999,
    "mean": 15.015733539999998,
    "std": 1.8748031648466643,
    "min": 10.078,
    "max": 26.964
  }
}