{
  "meta": {
    "label": "p3_cache",
    "backend": "onnxruntime-cuda",
    "model": "mobilenetv2-12.onnx",
    "hz": 100.0,
    "period_us": 10000.0,
    "deadline_us": 10000.0,
    "iters": 100000,
    "warmup": 2000,
    "cpu": 5,
    "prio": 80,
    "mlock": true,
    "host": "jetson-orin",
    "kernel": "5.15.185-tegra",
    "python": "3.10.12",
    "timestamp": "2026-06-08T23:48:23.167707+00:00",
    "rt_warnings": []
  },
  "deadline_miss_count": 0,
  "deadline_miss_rate": 0.0,
  "response_us": {
    "p50": 4053.8869999999997,
    "p90": 4080.9441,
    "p99": 4115.01504,
    "p99.9": 4157.518373000002,
    "p99.99": 4219.54520449998,
    "mean": 4047.8660118400003,
    "std": 36.16583271707759,
    "min": 3887.459,
    "max": 4263.619
  },
  "compute_us": {
    "p50": 4023.164,
    "p90": 4044.795,
    "p99": 4082.3953199999996,
    "p99.9": 4120.033002,
    "p99.99": 4178.880119199988,
    "mean": 4018.275469020001,
    "std": 30.532981254836223,
    "min": 3875.702,
    "max": 4232.071
  },
  "release_jitter_us": {
    "p50": 30.931,
    "p90": 37.895100000000006,
    "p99": 42.90801,
    "p99.9": 46.873001,
    "p99.99": 57.602074499992696,
    "mean": 29.590542819999996,
    "std": 7.400994159168514,
    "min": 8.886,
    "max": 69.262
  }
}