{
  "meta": {
    "label": "p3_combined",
    "backend": "onnxruntime-cuda",
    "model": "mobilenetv2-12.onnx",
    "hz": 100.0,
    "period_us": 10000.0,
    "deadline_us": 10000.0,
    "iters": 100000,
    "warmup": 2000,
    "cpu": 5,
    "prio": 80,
    "mlock": true,
    "host": "jetson-orin",
    "kernel": "5.15.185-tegra",
    "python": "3.10.12",
    "timestamp": "2026-06-09T00:39:06.500472+00:00",
    "rt_warnings": []
  },
  "deadline_miss_count": 0,
  "deadline_miss_rate": 0.0,
  "response_us": {
    "p50": 4058.362,
    "p90": 4172.0351,
    "p99": 4243.75918,
    "p99.9": 4281.178176,
    "p99.99": 4347.030978999904,
    "mean": 4071.2377374000002,
    "std": 69.93606389710948,
    "min": 3922.14,
    "max": 4646.515
  },
  "compute_us": {
    "p50": 4040.121,
    "p90": 4140.7992,
    "p99": 4211.16632,
    "p99.9": 4241.087032,
    "p99.99": 4324.257044899995,
    "mean": 4050.0306299599997,
    "std": 63.89372038171991,
    "min": 3909.813,
    "max": 4613.547
  },
  "release_jitter_us": {
    "p50": 18.075,
    "p90": 33.9911,
    "p99": 43.71408999999995,
    "p99.9": 50.206011000000046,
    "p99.99": 121.99978299992324,
    "mean": 21.207107439999998,
    "std": 8.156618112459148,
    "min": 11.062,
    "max": 179.813
  }
}