{
  "meta": {
    "label": "p3_io",
    "backend": "onnxruntime-cuda",
    "model": "mobilenetv2-12.onnx",
    "hz": 100.0,
    "period_us": 10000.0,
    "deadline_us": 10000.0,
    "iters": 100000,
    "warmup": 2000,
    "cpu": 5,
    "prio": 80,
    "mlock": true,
    "host": "jetson-orin",
    "kernel": "5.15.185-tegra",
    "python": "3.10.12",
    "timestamp": "2026-06-09T00:05:17.104686+00:00",
    "rt_warnings": []
  },
  "deadline_miss_count": 0,
  "deadline_miss_rate": 0.0,
  "response_us": {
    "p50": 3899.908,
    "p90": 3909.8551,
    "p99": 3927.75309,
    "p99.9": 3963.4951320000005,
    "p99.99": 4015.065947599809,
    "mean": 3900.7981106700004,
    "std": 22.891829136738334,
    "min": 3877.168,
    "max": 7885.188
  },
  "compute_us": {
    "p50": 3888.692,
    "p90": 3898.452,
    "p99": 3912.56401,
    "p99.9": 3942.1651700000007,
    "p99.99": 4000.153134399791,
    "mean": 3889.45493611,
    "std": 22.704337785815028,
    "min": 3865.811,
    "max": 7871.21
  },
  "release_jitter_us": {
    "p50": 11.192,
    "p90": 12.14,
    "p99": 16.05703999999998,
    "p99.9": 22.191013000000048,
    "p99.99": 27.287012299998793,
    "mean": 11.34317456,
    "std": 1.052531737691936,
    "min": 9.231,
    "max": 40.722
  }
}