{
  "meta": {
    "label": "p3_irq",
    "backend": "onnxruntime-cuda",
    "model": "mobilenetv2-12.onnx",
    "hz": 100.0,
    "period_us": 10000.0,
    "deadline_us": 10000.0,
    "iters": 100000,
    "warmup": 2000,
    "cpu": 5,
    "prio": 80,
    "mlock": true,
    "host": "jetson-orin",
    "kernel": "5.15.185-tegra",
    "python": "3.10.12",
    "timestamp": "2026-06-09T00:22:11.914440+00:00",
    "rt_warnings": []
  },
  "deadline_miss_count": 0,
  "deadline_miss_rate": 0.0,
  "response_us": {
    "p50": 3978.946,
    "p90": 3997.2761,
    "p99": 4009.58707,
    "p99.9": 4024.170062,
    "p99.99": 4060.626336899967,
    "mean": 3979.79555991,
    "std": 13.228597859158421,
    "min": 3936.106,
    "max": 4112.047
  },
  "compute_us": {
    "p50": 3961.59,
    "p90": 3977.047,
    "p99": 3988.087,
    "p99.9": 4001.848192000001,
    "p99.99": 4039.353079999992,
    "mean": 3962.4025204400004,
    "std": 11.028644310401992,
    "min": 3923.093,
    "max": 4078.65
  },
  "release_jitter_us": {
    "p50": 18.0275,
    "p90": 21.077,
    "p99": 23.315,
    "p99.9": 25.066004000000014,
    "p99.99": 27.439008599999156,
    "mean": 17.393039469999998,
    "std": 3.0223814943636946,
    "min": 11.083,
    "max": 33.397
  }
}