{
  "meta": {
    "label": "p3_memory",
    "backend": "onnxruntime-cuda",
    "model": "mobilenetv2-12.onnx",
    "hz": 100.0,
    "period_us": 10000.0,
    "deadline_us": 10000.0,
    "iters": 100000,
    "warmup": 2000,
    "cpu": 5,
    "prio": 80,
    "mlock": true,
    "host": "jetson-orin",
    "kernel": "5.15.185-tegra",
    "python": "3.10.12",
    "timestamp": "2026-06-08T23:31:28.989172+00:00",
    "rt_warnings": []
  },
  "deadline_miss_count": 0,
  "deadline_miss_rate": 0.0,
  "response_us": {
    "p50": 4301.0365,
    "p90": 4360.3752,
    "p99": 4474.957170000001,
    "p99.9": 4617.106035,
    "p99.99": 4928.193376599963,
    "mean": 4275.533686050001,
    "std": 92.57872579309226,
    "min": 3929.779,
    "max": 5430.959
  },
  "compute_us": {
    "p50": 4265.647,
    "p90": 4316.7,
    "p99": 4431.07132,
    "p99.9": 4572.388949000004,
    "p99.99": 4879.949072099896,
    "mean": 4239.32695609,
    "std": 87.09690245716021,
    "min": 3918.097,
    "max": 5385.468
  },
  "release_jitter_us": {
    "p50": 39.373,
    "p90": 51.832,
    "p99": 58.52103999999998,
    "p99.9": 74.76400500000001,
    "p99.99": 193.50107009999314,
    "mean": 36.206729960000004,
    "std": 13.508535337350173,
    "min": 9.173,
    "max": 446.564
  }
}