{
  "meta": {
    "label": "p3hi_irq_storm",
    "backend": "onnxruntime-cuda",
    "model": "mobilenetv2-12.onnx",
    "hz": 100.0,
    "period_us": 10000.0,
    "deadline_us": 10000.0,
    "iters": 100000,
    "warmup": 2000,
    "cpu": 5,
    "prio": 80,
    "mlock": true,
    "host": "jetson-orin",
    "kernel": "5.15.185-tegra",
    "python": "3.10.12",
    "timestamp": "2026-06-09T03:15:53.600080+00:00",
    "rt_warnings": []
  },
  "deadline_miss_count": 0,
  "deadline_miss_rate": 0.0,
  "response_us": {
    "p50": 3928.095,
    "p90": 3934.874,
    "p99": 3941.0500100000004,
    "p99.9": 3966.685215000001,
    "p99.99": 4004.922010499999,
    "mean": 3928.2740636599992,
    "std": 5.579992698193018,
    "min": 3906.812,
    "max": 4081.819
  },
  "compute_us": {
    "p50": 3917.043,
    "p90": 3923.7,
    "p99": 3929.652,
    "p99.9": 3953.460224000001,
    "p99.99": 3983.9250478999957,
    "mean": 3917.2054322100007,
    "std": 5.408852373656034,
    "min": 3896.018,
    "max": 4057.111
  },
  "release_jitter_us": {
    "p50": 10.94,
    "p90": 12.172100000000006,
    "p99": 13.337,
    "p99.9": 16.473001000000004,
    "p99.99": 22.673009399999078,
    "mean": 11.06863145,
    "std": 0.8646135921559974,
    "min": 8.94,
    "max": 33.551
  }
}