{
  "meta": {
    "label": "p3hi_mem_2",
    "backend": "onnxruntime-cuda",
    "model": "mobilenetv2-12.onnx",
    "hz": 100.0,
    "period_us": 10000.0,
    "deadline_us": 10000.0,
    "iters": 100000,
    "warmup": 2000,
    "cpu": 5,
    "prio": 80,
    "mlock": true,
    "host": "jetson-orin",
    "kernel": "5.15.185-tegra",
    "python": "3.10.12",
    "timestamp": "2026-06-09T01:17:36.484583+00:00",
    "rt_warnings": []
  },
  "deadline_miss_count": 0,
  "deadline_miss_rate": 0.0,
  "response_us": {
    "p50": 3897.983,
    "p90": 3904.812,
    "p99": 3910.8400100000003,
    "p99.9": 3924.5660009999997,
    "p99.99": 3960.0350328999966,
    "mean": 3898.0625335900004,
    "std": 5.500316158615949,
    "min": 3877.549,
    "max": 3982.558
  },
  "compute_us": {
    "p50": 3887.188,
    "p90": 3893.965,
    "p99": 3899.8540599999997,
    "p99.9": 3910.793262000001,
    "p99.99": 3939.0180004,
    "mean": 3887.2651277100003,
    "std": 5.393498338503513,
    "min": 3867.348,
    "max": 3958.263
  },
  "release_jitter_us": {
    "p50": 10.674,
    "p90": 11.847,
    "p99": 12.901,
    "p99.9": 14.579014000000054,
    "p99.99": 22.732034799996587,
    "mean": 10.79740588,
    "std": 0.7980265557495099,
    "min": 8.725,
    "max": 25.864
  }
}