{
  "meta": {
    "label": "p3hi_vm_heavy",
    "backend": "onnxruntime-cuda",
    "model": "mobilenetv2-12.onnx",
    "hz": 100.0,
    "period_us": 10000.0,
    "deadline_us": 10000.0,
    "iters": 100000,
    "warmup": 2000,
    "cpu": 5,
    "prio": 80,
    "mlock": true,
    "host": "jetson-orin",
    "kernel": "5.15.185-tegra",
    "python": "3.10.12",
    "timestamp": "2026-06-09T02:42:05.826944+00:00",
    "rt_warnings": []
  },
  "deadline_miss_count": 0,
  "deadline_miss_rate": 0.0,
  "response_us": {
    "p50": 3912.006,
    "p90": 3918.805,
    "p99": 3925.36006,
    "p99.9": 3961.425004,
    "p99.99": 3982.3110569999944,
    "mean": 3912.1761680999994,
    "std": 5.736143842764264,
    "min": 3889.713,
    "max": 4008.942
  },
  "compute_us": {
    "p50": 3901.167,
    "p90": 3907.887,
    "p99": 3914.352,
    "p99.9": 3945.7781280000004,
    "p99.99": 3960.947031999997,
    "mean": 3901.309654559999,
    "std": 5.6054604235094905,
    "min": 3878.96,
    "max": 3989.299
  },
  "release_jitter_us": {
    "p50": 10.766,
    "p90": 11.865,
    "p99": 12.946,
    "p99.9": 15.157093000000357,
    "p99.99": 22.61303149999691,
    "mean": 10.86651354,
    "std": 0.7886018041297321,
    "min": 8.785,
    "max": 24.739
  }
}