{
  "meta": {
    "label": "p3hi_cache_max",
    "backend": "onnxruntime-cuda",
    "model": "mobilenetv2-12.onnx",
    "hz": 100.0,
    "period_us": 10000.0,
    "deadline_us": 10000.0,
    "iters": 100000,
    "warmup": 2000,
    "cpu": 5,
    "prio": 80,
    "mlock": true,
    "host": "jetson-orin",
    "kernel": "5.15.185-tegra",
    "python": "3.10.12",
    "timestamp": "2026-06-09T02:58:59.623685+00:00",
    "rt_warnings": []
  },
  "deadline_miss_count": 0,
  "deadline_miss_rate": 0.0,
  "response_us": {
    "p50": 3915.93,
    "p90": 3923.023,
    "p99": 3929.38807,
    "p99.9": 3945.3700910000002,
    "p99.99": 3976.221030299997,
    "mean": 3916.077536889999,
    "std": 5.6485677266169985,
    "min": 3894.182,
    "max": 3994.043
  },
  "compute_us": {
    "p50": 3904.724,
    "p90": 3911.73,
    "p99": 3917.874,
    "p99.9": 3929.682033,
    "p99.99": 3956.438025499998,
    "mean": 3904.8628514400007,
    "std": 5.483807347751188,
    "min": 3883.825,
    "max": 3972.723
  },
  "release_jitter_us": {
    "p50": 11.111,
    "p90": 12.187,
    "p99": 13.366,
    "p99.9": 16.949004000000016,
    "p99.99": 21.39100589999942,
    "mean": 11.214685450000001,
    "std": 0.7921392112680052,
    "min": 8.878,
    "max": 23.528
  }
}