{
  "meta": {
    "label": "p3hi_mem_8",
    "backend": "onnxruntime-cuda",
    "model": "mobilenetv2-12.onnx",
    "hz": 100.0,
    "period_us": 10000.0,
    "deadline_us": 10000.0,
    "iters": 100000,
    "warmup": 2000,
    "cpu": 5,
    "prio": 80,
    "mlock": true,
    "host": "jetson-orin",
    "kernel": "5.15.185-tegra",
    "python": "3.10.12",
    "timestamp": "2026-06-09T02:08:18.118413+00:00",
    "rt_warnings": []
  },
  "deadline_miss_count": 0,
  "deadline_miss_rate": 0.0,
  "response_us": {
    "p50": 3921.105,
    "p90": 3928.278,
    "p99": 3933.85501,
    "p99.9": 3960.529257000001,
    "p99.99": 3985.082029799997,
    "mean": 3920.4581506299996,
    "std": 6.776124053361229,
    "min": 3895.222,
    "max": 4005.149
  },
  "compute_us": {
    "p50": 3910.419,
    "p90": 3917.555,
    "p99": 3922.868,
    "p99.9": 3945.332288000001,
    "p99.99": 3965.5250671999934,
    "mean": 3909.7416103299997,
    "std": 6.6983917619684865,
    "min": 3884.819,
    "max": 3978.997
  },
  "release_jitter_us": {
    "p50": 10.629,
    "p90": 11.567,
    "p99": 12.769,
    "p99.9": 16.253019000000073,
    "p99.99": 22.38400469999954,
    "mean": 10.716540300000002,
    "std": 0.7431365494146484,
    "min": 8.721,
    "max": 27.985
  }
}