{
  "meta": {
    "label": "p3hi_mem_4",
    "backend": "onnxruntime-cuda",
    "model": "mobilenetv2-12.onnx",
    "hz": 100.0,
    "period_us": 10000.0,
    "deadline_us": 10000.0,
    "iters": 100000,
    "warmup": 2000,
    "cpu": 5,
    "prio": 80,
    "mlock": true,
    "host": "jetson-orin",
    "kernel": "5.15.185-tegra",
    "python": "3.10.12",
    "timestamp": "2026-06-09T01:34:30.414464+00:00",
    "rt_warnings": []
  },
  "deadline_miss_count": 0,
  "deadline_miss_rate": 0.0,
  "response_us": {
    "p50": 3927.344,
    "p90": 3934.512,
    "p99": 3941.29502,
    "p99.9": 3978.421326000001,
    "p99.99": 3996.263026099997,
    "mean": 3927.5329194899996,
    "std": 5.898495248300886,
    "min": 3903.117,
    "max": 4026.403
  },
  "compute_us": {
    "p50": 3916.306,
    "p90": 3923.379,
    "p99": 3929.936,
    "p99.9": 3959.507062,
    "p99.99": 3974.5463936999613,
    "mean": 3916.4957998799996,
    "std": 5.697052018461126,
    "min": 3893.105,
    "max": 4008.178
  },
  "release_jitter_us": {
    "p50": 10.917,
    "p90": 12.084,
    "p99": 13.32601999999999,
    "p99.9": 18.93114500000056,
    "p99.99": 23.096001899999813,
    "mean": 11.03711961,
    "std": 0.8574959045170115,
    "min": 8.781,
    "max": 29.007
  }
}