{
  "meta": {
    "label": "p3hi_vm_light",
    "backend": "onnxruntime-cuda",
    "model": "mobilenetv2-12.onnx",
    "hz": 100.0,
    "period_us": 10000.0,
    "deadline_us": 10000.0,
    "iters": 100000,
    "warmup": 2000,
    "cpu": 5,
    "prio": 80,
    "mlock": true,
    "host": "jetson-orin",
    "kernel": "5.15.185-tegra",
    "python": "3.10.12",
    "timestamp": "2026-06-09T02:25:11.950046+00:00",
    "rt_warnings": []
  },
  "deadline_miss_count": 0,
  "deadline_miss_rate": 0.0,
  "response_us": {
    "p50": 3896.7325,
    "p90": 3904.345,
    "p99": 3911.9890100000002,
    "p99.9": 3941.432037,
    "p99.99": 3987.2180217999976,
    "mean": 3896.9637555200006,
    "std": 6.265882887406174,
    "min": 3874.381,
    "max": 4003.724
  },
  "compute_us": {
    "p50": 3885.618,
    "p90": 3893.099,
    "p99": 3900.243,
    "p99.9": 3929.165066,
    "p99.99": 3963.5681887999817,
    "mean": 3885.81531837,
    "std": 6.09055494889838,
    "min": 3864.178,
    "max": 3979.03
  },
  "release_jitter_us": {
    "p50": 11.068,
    "p90": 12.013,
    "p99": 13.229009999999993,
    "p99.9": 16.91800500000002,
    "p99.99": 24.78300009999999,
    "mean": 11.148437150000001,
    "std": 0.7820106606241871,
    "min": 9.104,
    "max": 28.313
  }
}