{
  "meta": {
    "label": "p3hi_mem_6",
    "backend": "onnxruntime-cuda",
    "model": "mobilenetv2-12.onnx",
    "hz": 100.0,
    "period_us": 10000.0,
    "deadline_us": 10000.0,
    "iters": 100000,
    "warmup": 2000,
    "cpu": 5,
    "prio": 80,
    "mlock": true,
    "host": "jetson-orin",
    "kernel": "5.15.185-tegra",
    "python": "3.10.12",
    "timestamp": "2026-06-09T01:51:24.188863+00:00",
    "rt_warnings": []
  },
  "deadline_miss_count": 0,
  "deadline_miss_rate": 0.0,
  "response_us": {
    "p50": 3914.1414999999997,
    "p90": 3920.857,
    "p99": 3928.00004,
    "p99.9": 3964.6010220000003,
    "p99.99": 3979.3630886999913,
    "mean": 3914.3098091700003,
    "std": 5.804108278140054,
    "min": 3893.993,
    "max": 4046.642
  },
  "compute_us": {
    "p50": 3903.091,
    "p90": 3909.651,
    "p99": 3916.307,
    "p99.9": 3947.380032,
    "p99.99": 3963.9240575999943,
    "mean": 3903.2250565199997,
    "std": 5.575000670169062,
    "min": 3882.29,
    "max": 4011.83
  },
  "release_jitter_us": {
    "p50": 10.986,
    "p90": 12.112,
    "p99": 13.333,
    "p99.9": 18.087004000000015,
    "p99.99": 23.63800989999903,
    "mean": 11.084752649999999,
    "std": 0.8851686938250684,
    "min": 8.772,
    "max": 34.812
  }
}