{
  "meta": {
    "label": "p3hi_combined_max",
    "backend": "onnxruntime-cuda",
    "model": "mobilenetv2-12.onnx",
    "hz": 100.0,
    "period_us": 10000.0,
    "deadline_us": 10000.0,
    "iters": 100000,
    "warmup": 2000,
    "cpu": 5,
    "prio": 80,
    "mlock": true,
    "host": "jetson-orin",
    "kernel": "5.15.185-tegra",
    "python": "3.10.12",
    "timestamp": "2026-06-09T03:32:47.456578+00:00",
    "rt_warnings": []
  },
  "deadline_miss_count": 0,
  "deadline_miss_rate": 0.0,
  "response_us": {
    "p50": 3907.575,
    "p90": 3914.256,
    "p99": 3920.03509,
    "p99.9": 3935.560365000001,
    "p99.99": 3976.002141999986,
    "mean": 3907.66807064,
    "std": 5.4217032971631705,
    "min": 3886.556,
    "max": 3986.52
  },
  "compute_us": {
    "p50": 3896.762,
    "p90": 3903.387,
    "p99": 3909.05618,
    "p99.9": 3921.952179000001,
    "p99.99": 3955.1880651999936,
    "mean": 3896.84436376,
    "std": 5.291340011456329,
    "min": 3876.626,
    "max": 3963.316
  },
  "release_jitter_us": {
    "p50": 10.737,
    "p90": 11.703,
    "p99": 12.792,
    "p99.9": 14.68700800000003,
    "p99.99": 22.445007099999305,
    "mean": 10.823706879999998,
    "std": 0.7213348976866887,
    "min": 8.841,
    "max": 28.389
  }
}