{
  "meta": {
    "label": "recheck",
    "backend": "onnxruntime-cuda",
    "model": "mobilenetv2-12.onnx",
    "hz": 100.0,
    "period_us": 10000.0,
    "deadline_us": 10000.0,
    "iters": 20000,
    "warmup": 2000,
    "cpu": 5,
    "prio": 80,
    "mlock": true,
    "host": "jetson-orin",
    "kernel": "5.15.185-tegra",
    "python": "3.10.12",
    "timestamp": "2026-06-07T02:17:36.633045+00:00",
    "rt_warnings": []
  },
  "deadline_miss_count": 0,
  "deadline_miss_rate": 0.0,
  "response_us": {
    "p50": 3907.4865,
    "p90": 3922.5181000000002,
    "p99": 3930.67203,
    "p99.9": 3945.848024,
    "p99.99": 3983.5472941999924,
    "mean": 3909.2709570999996,
    "std": 8.68439817253099,
    "min": 3885.63,
    "max": 3986.936
  },
  "compute_us": {
    "p50": 3896.358,
    "p90": 3911.238,
    "p99": 3919.334,
    "p99.9": 3932.7104160000017,
    "p99.99": 3960.3913007999927,
    "mean": 3898.1251972500004,
    "std": 8.566143938963577,
    "min": 3874.469,
    "max": 3963.656
  },
  "release_jitter_us": {
    "p50": 11.021,
    "p90": 12.249,
    "p99": 13.320029999999996,
    "p99.9": 15.4910260000001,
    "p99.99": 23.090006599999832,
    "mean": 11.14575985,
    "std": 0.8449895379695406,
    "min": 8.916,
    "max": 23.28
  }
}