{
  "meta": {
    "label": "emc2133_adv2_cnn",
    "backend": "onnxruntime-cuda",
    "model": "mobilenetv2-12.onnx",
    "hz": 25.0,
    "period_us": 40000.0,
    "deadline_us": 40000.0,
    "iters": 300,
    "warmup": 50,
    "cpu": 5,
    "prio": 80,
    "mlock": true,
    "host": "jetson-orin",
    "kernel": "5.15.185-tegra",
    "python": "3.10.12",
    "timestamp": "2026-06-11T02:49:06.251936+00:00",
    "rt_warnings": []
  },
  "deadline_miss_count": 0,
  "deadline_miss_rate": 0.0,
  "response_us": {
    "p50": 5313.9275,
    "p90": 5368.5324,
    "p99": 5466.19777,
    "p99.9": 5527.633681000001,
    "p99.99": 5542.159968099997,
    "mean": 5326.38601,
    "std": 36.46398015891709,
    "min": 5277.202,
    "max": 5543.774
  },
  "compute_us": {
    "p50": 5300.523499999999,
    "p90": 5351.8626,
    "p99": 5434.18239,
    "p99.9": 5487.810418000001,
    "p99.99": 5500.409141799998,
    "mean": 5311.530356666667,
    "std": 32.72102632614267,
    "min": 5266.283,
    "max": 5501.809
  },
  "release_jitter_us": {
    "p50": 13.5195,
    "p90": 18.723200000000006,
    "p99": 32.49133999999998,
    "p99.9": 40.836574000000084,
    "p99.99": 41.8521573999998,
    "mean": 14.855653333333333,
    "std": 4.434926271445282,
    "min": 10.371,
    "max": 41.965
  }
}