{
  "meta": {
    "label": "emc2133_adv0_proxy",
    "backend": "onnxruntime-cuda",
    "model": "decode_proxy_fp16.onnx",
    "hz": 3.0,
    "period_us": 333333.333,
    "deadline_us": 333333.333,
    "iters": 300,
    "warmup": 50,
    "cpu": 5,
    "prio": 80,
    "mlock": true,
    "host": "jetson-orin",
    "kernel": "5.15.185-tegra",
    "python": "3.10.12",
    "timestamp": "2026-06-11T02:48:45.779620+00:00",
    "rt_warnings": []
  },
  "deadline_miss_count": 0,
  "deadline_miss_rate": 0.0,
  "response_us": {
    "p50": 6599.1759999999995,
    "p90": 6671.043,
    "p99": 6707.736059999999,
    "p99.9": 6858.047526,
    "p99.99": 6862.171752599999,
    "mean": 6615.572683333333,
    "std": 40.2103169609043,
    "min": 6564.496,
    "max": 6862.63
  },
  "compute_us": {
    "p50": 6575.549,
    "p90": 6632.1942,
    "p99": 6672.748799999999,
    "p99.9": 6810.340664000001,
    "p99.99": 6820.260766399998,
    "mean": 6588.7136900000005,
    "std": 33.77242068207775,
    "min": 6550.508,
    "max": 6821.363
  },
  "release_jitter_us": {
    "p50": 23.777500000000003,
    "p90": 38.978,
    "p99": 45.18316999999999,
    "p99.9": 60.0601800000002,
    "p99.99": 62.530517999999496,
    "mean": 26.858993333333334,
    "std": 7.421382400421695,
    "min": 13.988,
    "max": 62.805
  }
}