{
  "meta": {
    "label": "emc2133_adv0_cnn",
    "backend": "onnxruntime-cuda",
    "model": "mobilenetv2-12.onnx",
    "hz": 25.0,
    "period_us": 40000.0,
    "deadline_us": 40000.0,
    "iters": 300,
    "warmup": 50,
    "cpu": 5,
    "prio": 80,
    "mlock": true,
    "host": "jetson-orin",
    "kernel": "5.15.185-tegra",
    "python": "3.10.12",
    "timestamp": "2026-06-11T02:47:00.505244+00:00",
    "rt_warnings": []
  },
  "deadline_miss_count": 0,
  "deadline_miss_rate": 0.0,
  "response_us": {
    "p50": 4701.652,
    "p90": 4727.501200000001,
    "p99": 4812.65098,
    "p99.9": 4821.397192,
    "p99.99": 4821.8794192,
    "mean": 4707.475393333333,
    "std": 26.34911867353354,
    "min": 4671.719,
    "max": 4821.933
  },
  "compute_us": {
    "p50": 4688.971,
    "p90": 4711.2344,
    "p99": 4789.62008,
    "p99.9": 4792.95896,
    "p99.99": 4793.217296,
    "mean": 4693.946193333333,
    "std": 23.437253297459772,
    "min": 4661.531,
    "max": 4793.246
  },
  "release_jitter_us": {
    "p50": 12.141,
    "p90": 16.945000000000007,
    "p99": 25.61921,
    "p99.9": 29.44767200000005,
    "p99.99": 30.059067199999873,
    "mean": 13.529200000000001,
    "std": 3.5233323194574386,
    "min": 9.397,
    "max": 30.127
  }
}