{
  "meta": {
    "label": "emc2133_adv2_proxy",
    "backend": "onnxruntime-cuda",
    "model": "decode_proxy_fp16.onnx",
    "hz": 3.0,
    "period_us": 333333.333,
    "deadline_us": 333333.333,
    "iters": 300,
    "warmup": 50,
    "cpu": 5,
    "prio": 80,
    "mlock": true,
    "host": "jetson-orin",
    "kernel": "5.15.185-tegra",
    "python": "3.10.12",
    "timestamp": "2026-06-11T02:50:54.907560+00:00",
    "rt_warnings": []
  },
  "deadline_miss_count": 0,
  "deadline_miss_rate": 0.0,
  "response_us": {
    "p50": 8853.5225,
    "p90": 8935.325200000001,
    "p99": 9001.37535,
    "p99.9": 9048.578812000002,
    "p99.99": 9052.9952812,
    "mean": 8858.081670000001,
    "std": 57.46676348285536,
    "min": 8709.577,
    "max": 9053.486
  },
  "compute_us": {
    "p50": 8818.8725,
    "p90": 8886.7822,
    "p99": 8946.748,
    "p99.9": 8993.277736000002,
    "p99.99": 8996.9202736,
    "mean": 8825.038013333333,
    "std": 49.03921153485058,
    "min": 8694.437,
    "max": 8997.325
  },
  "release_jitter_us": {
    "p50": 32.1335,
    "p90": 48.4572,
    "p99": 56.17016999999999,
    "p99.9": 59.089802000000006,
    "p99.99": 59.19798019999998,
    "mean": 33.04365666666667,
    "std": 9.584890529306472,
    "min": 15.14,
    "max": 59.21
  }
}