{
  "meta": {
    "label": "emc2133_adv4_proxy",
    "backend": "onnxruntime-cuda",
    "model": "decode_proxy_fp16.onnx",
    "hz": 3.0,
    "period_us": 333333.333,
    "deadline_us": 333333.333,
    "iters": 300,
    "warmup": 50,
    "cpu": 5,
    "prio": 80,
    "mlock": true,
    "host": "jetson-orin",
    "kernel": "5.15.185-tegra",
    "python": "3.10.12",
    "timestamp": "2026-06-11T02:53:03.991460+00:00",
    "rt_warnings": []
  },
  "deadline_miss_count": 0,
  "deadline_miss_rate": 0.0,
  "response_us": {
    "p50": 9023.448,
    "p90": 9107.8632,
    "p99": 9247.58941,
    "p99.9": 9289.326210000001,
    "p99.99": 9297.724820999998,
    "mean": 9009.06187,
    "std": 87.40814512713581,
    "min": 8692.073,
    "max": 9298.658
  },
  "compute_us": {
    "p50": 8971.181,
    "p90": 9044.2102,
    "p99": 9178.354000000001,
    "p99.9": 9217.1326,
    "p99.99": 9224.02156,
    "mean": 8961.397593333333,
    "std": 77.02805562569148,
    "min": 8676.389,
    "max": 9224.787
  },
  "release_jitter_us": {
    "p50": 48.582,
    "p90": 65.0125,
    "p99": 73.02553999999999,
    "p99.9": 74.50780200000001,
    "p99.99": 74.61598019999998,
    "mean": 47.664276666666666,
    "std": 12.554970013243981,
    "min": 15.684,
    "max": 74.628
  }
}