{
  "meta": {
    "label": "emc2133_adv4_cnn",
    "backend": "onnxruntime-cuda",
    "model": "mobilenetv2-12.onnx",
    "hz": 25.0,
    "period_us": 40000.0,
    "deadline_us": 40000.0,
    "iters": 300,
    "warmup": 50,
    "cpu": 5,
    "prio": 80,
    "mlock": true,
    "host": "jetson-orin",
    "kernel": "5.15.185-tegra",
    "python": "3.10.12",
    "timestamp": "2026-06-11T02:51:15.254873+00:00",
    "rt_warnings": []
  },
  "deadline_miss_count": 0,
  "deadline_miss_rate": 0.0,
  "response_us": {
    "p50": 5357.4835,
    "p90": 5450.1838,
    "p99": 5566.6318599999995,
    "p99.9": 5696.084973000004,
    "p99.99": 5738.299497299991,
    "mean": 5373.324170000001,
    "std": 58.572681114103304,
    "min": 5299.483,
    "max": 5742.99
  },
  "compute_us": {
    "p50": 5342.172500000001,
    "p90": 5423.029399999999,
    "p99": 5528.52808,
    "p99.9": 5649.911695000003,
    "p99.99": 5687.638169499993,
    "mean": 5356.192813333333,
    "std": 53.04965747603989,
    "min": 5285.963,
    "max": 5691.83
  },
  "release_jitter_us": {
    "p50": 14.753,
    "p90": 26.41310000000001,
    "p99": 41.13603,
    "p99.9": 49.19138400000014,
    "p99.99": 50.963138399999636,
    "mean": 17.13135666666667,
    "std": 6.287734013892091,
    "min": 11.246,
    "max": 51.16
  }
}