{
  "meta": {
    "label": "emc3199_adv2_cnn",
    "backend": "onnxruntime-cuda",
    "model": "mobilenetv2-12.onnx",
    "hz": 25.0,
    "period_us": 40000.0,
    "deadline_us": 40000.0,
    "iters": 300,
    "warmup": 50,
    "cpu": 5,
    "prio": 80,
    "mlock": true,
    "host": "jetson-orin",
    "kernel": "5.15.185-tegra",
    "python": "3.10.12",
    "timestamp": "2026-06-11T02:42:45.996525+00:00",
    "rt_warnings": []
  },
  "deadline_miss_count": 0,
  "deadline_miss_rate": 0.0,
  "response_us": {
    "p50": 4463.2165,
    "p90": 4500.7934000000005,
    "p99": 4624.29768,
    "p99.9": 4671.219645000001,
    "p99.99": 4677.447964499999,
    "mean": 4471.484189999999,
    "std": 32.408961570125925,
    "min": 4433.019,
    "max": 4678.14
  },
  "compute_us": {
    "p50": 4451.0445,
    "p90": 4484.6194,
    "p99": 4599.24001,
    "p99.9": 4637.499944,
    "p99.99": 4643.458894399999,
    "mean": 4458.574013333333,
    "std": 29.257353949502843,
    "min": 4422.579,
    "max": 4644.121
  },
  "release_jitter_us": {
    "p50": 11.757000000000001,
    "p90": 16.3691,
    "p99": 27.143769999999968,
    "p99.9": 33.71970100000002,
    "p99.99": 33.98907009999994,
    "mean": 12.910176666666667,
    "std": 3.5666185963910157,
    "min": 9.689,
    "max": 34.019
  }
}