{
  "meta": {
    "label": "emc3199_adv2_proxy",
    "backend": "onnxruntime-cuda",
    "model": "decode_proxy_fp16.onnx",
    "hz": 3.0,
    "period_us": 333333.333,
    "deadline_us": 333333.333,
    "iters": 300,
    "warmup": 50,
    "cpu": 5,
    "prio": 80,
    "mlock": true,
    "host": "jetson-orin",
    "kernel": "5.15.185-tegra",
    "python": "3.10.12",
    "timestamp": "2026-06-11T02:44:34.397338+00:00",
    "rt_warnings": []
  },
  "deadline_miss_count": 0,
  "deadline_miss_rate": 0.0,
  "response_us": {
    "p50": 6043.0195,
    "p90": 6117.578799999999,
    "p99": 6160.08629,
    "p99.9": 6197.794911,
    "p99.99": 6198.6589911,
    "mean": 6050.006219999999,
    "std": 46.76020365387218,
    "min": 5934.94,
    "max": 6198.755
  },
  "compute_us": {
    "p50": 6014.59,
    "p90": 6079.0016000000005,
    "p99": 6113.3200099999995,
    "p99.9": 6149.377224,
    "p99.99": 6150.2986224,
    "mean": 6021.341533333333,
    "std": 40.487557577057636,
    "min": 5916.027,
    "max": 6150.401
  },
  "release_jitter_us": {
    "p50": 27.753999999999998,
    "p90": 38.3239,
    "p99": 47.52042,
    "p99.9": 50.82807700000007,
    "p99.99": 51.68300769999983,
    "mean": 28.664686666666665,
    "std": 7.112744281111819,
    "min": 12.419,
    "max": 51.778
  }
}