{
  "meta": {
    "label": "emc3199_adv4_proxy",
    "backend": "onnxruntime-cuda",
    "model": "decode_proxy_fp16.onnx",
    "hz": 3.0,
    "period_us": 333333.333,
    "deadline_us": 333333.333,
    "iters": 300,
    "warmup": 50,
    "cpu": 5,
    "prio": 80,
    "mlock": true,
    "host": "jetson-orin",
    "kernel": "5.15.185-tegra",
    "python": "3.10.12",
    "timestamp": "2026-06-11T02:46:43.127648+00:00",
    "rt_warnings": []
  },
  "deadline_miss_count": 0,
  "deadline_miss_rate": 0.0,
  "response_us": {
    "p50": 6151.594,
    "p90": 6231.0952,
    "p99": 6255.41192,
    "p99.9": 6420.564167000005,
    "p99.99": 6477.147016699989,
    "mean": 6151.142943333333,
    "std": 61.46314475043932,
    "min": 5945.44,
    "max": 6483.434
  },
  "compute_us": {
    "p50": 6111.52,
    "p90": 6176.9525,
    "p99": 6196.787,
    "p99.9": 6355.2958890000045,
    "p99.99": 6410.081688899989,
    "mean": 6111.356860000001,
    "std": 51.77235087264629,
    "min": 5932.764,
    "max": 6416.169
  },
  "release_jitter_us": {
    "p50": 40.117999999999995,
    "p90": 53.6997,
    "p99": 60.08439,
    "p99.9": 65.72784100000011,
    "p99.99": 67.11128409999972,
    "mean": 39.78608333333334,
    "std": 10.403737050521265,
    "min": 12.676,
    "max": 67.265
  }
}