{
  "meta": {
    "label": "emc3199_adv4_cnn",
    "backend": "onnxruntime-cuda",
    "model": "mobilenetv2-12.onnx",
    "hz": 25.0,
    "period_us": 40000.0,
    "deadline_us": 40000.0,
    "iters": 300,
    "warmup": 50,
    "cpu": 5,
    "prio": 80,
    "mlock": true,
    "host": "jetson-orin",
    "kernel": "5.15.185-tegra",
    "python": "3.10.12",
    "timestamp": "2026-06-11T02:44:54.627689+00:00",
    "rt_warnings": []
  },
  "deadline_miss_count": 0,
  "deadline_miss_rate": 0.0,
  "response_us": {
    "p50": 4479.746999999999,
    "p90": 4543.3386,
    "p99": 4672.968919999999,
    "p99.9": 4763.92939,
    "p99.99": 4767.263539,
    "mean": 4492.361473333333,
    "std": 44.961104650159776,
    "min": 4445.33,
    "max": 4767.634
  },
  "compute_us": {
    "p50": 4466.5975,
    "p90": 4522.8197,
    "p99": 4642.342799999999,
    "p99.9": 4722.6848,
    "p99.99": 4727.205679999999,
    "mean": 4477.123143333333,
    "std": 40.627062544271176,
    "min": 4433.14,
    "max": 4727.708
  },
  "release_jitter_us": {
    "p50": 13.337,
    "p90": 22.1017,
    "p99": 33.95846999999998,
    "p99.9": 43.0174100000001,
    "p99.99": 44.20414099999976,
    "mean": 15.23833,
    "std": 5.074662781022991,
    "min": 9.977,
    "max": 44.336
  }
}