{
  "meta": {
    "label": "emc3199_adv0_proxy",
    "backend": "onnxruntime-cuda",
    "model": "decode_proxy_fp16.onnx",
    "hz": 3.0,
    "period_us": 333333.333,
    "deadline_us": 333333.333,
    "iters": 300,
    "warmup": 50,
    "cpu": 5,
    "prio": 80,
    "mlock": true,
    "host": "jetson-orin",
    "kernel": "5.15.185-tegra",
    "python": "3.10.12",
    "timestamp": "2026-06-11T02:42:25.881217+00:00",
    "rt_warnings": []
  },
  "deadline_miss_count": 0,
  "deadline_miss_rate": 0.0,
  "response_us": {
    "p50": 4559.633,
    "p90": 4606.9079,
    "p99": 4802.5003,
    "p99.9": 4976.919291000004,
    "p99.99": 5026.86182909999,
    "mean": 4572.955216666666,
    "std": 50.22506911556273,
    "min": 4532.984,
    "max": 5032.411
  },
  "compute_us": {
    "p50": 4541.0470000000005,
    "p90": 4586.9584,
    "p99": 4748.6018,
    "p99.9": 4923.542233000004,
    "p99.99": 4969.863223299991,
    "mean": 4553.639696666666,
    "std": 44.893001266841786,
    "min": 4518.326,
    "max": 4975.01
  },
  "release_jitter_us": {
    "p50": 18.5515,
    "p90": 23.400400000000005,
    "p99": 48.684689999999954,
    "p99.9": 61.64275100000013,
    "p99.99": 63.27107509999967,
    "mean": 19.31552,
    "std": 6.261024439307037,
    "min": 9.317,
    "max": 63.452
  }
}