{
  "meta": {
    "label": "emc3199_adv0_cnn",
    "backend": "onnxruntime-cuda",
    "model": "mobilenetv2-12.onnx",
    "hz": 25.0,
    "period_us": 40000.0,
    "deadline_us": 40000.0,
    "iters": 300,
    "warmup": 50,
    "cpu": 5,
    "prio": 80,
    "mlock": true,
    "host": "jetson-orin",
    "kernel": "5.15.185-tegra",
    "python": "3.10.12",
    "timestamp": "2026-06-11T02:40:40.968215+00:00",
    "rt_warnings": []
  },
  "deadline_miss_count": 0,
  "deadline_miss_rate": 0.0,
  "response_us": {
    "p50": 4218.2425,
    "p90": 4261.4228,
    "p99": 4457.834499999999,
    "p99.9": 4720.256842000001,
    "p99.99": 4732.216184199998,
    "mean": 4235.278066666667,
    "std": 58.64452729688899,
    "min": 4199.799,
    "max": 4733.545
  },
  "compute_us": {
    "p50": 4207.437,
    "p90": 4246.0182,
    "p99": 4428.685589999999,
    "p99.9": 4664.129925000001,
    "p99.99": 4675.815592499997,
    "mean": 4222.725773333333,
    "std": 53.52108536438658,
    "min": 4189.133,
    "max": 4677.114
  },
  "release_jitter_us": {
    "p50": 10.8905,
    "p90": 17.223200000000002,
    "p99": 36.62538999999996,
    "p99.9": 56.12691700000002,
    "p99.99": 56.40059169999994,
    "mean": 12.552293333333333,
    "std": 5.375266880874123,
    "min": 9.111,
    "max": 56.431
  }
}