{
  "meta": {
    "label": "emc1701_proxy",
    "backend": "onnxruntime-cuda",
    "model": "decode_proxy_fp16.onnx",
    "hz": 3.0,
    "period_us": 333333.333,
    "deadline_us": 333333.333,
    "iters": 1000,
    "warmup": 100,
    "cpu": 5,
    "prio": 80,
    "mlock": true,
    "host": "jetson-orin",
    "kernel": "5.15.185-tegra",
    "python": "3.10.12",
    "timestamp": "2026-06-11T00:56:27.398339+00:00",
    "rt_warnings": []
  },
  "deadline_miss_count": 0,
  "deadline_miss_rate": 0.0,
  "response_us": {
    "p50": 6852.222,
    "p90": 6982.3222,
    "p99": 7244.40241,
    "p99.9": 7339.866274000009,
    "p99.99": 7429.1235273999955,
    "mean": 6835.020973999999,
    "std": 135.1661780212096,
    "min": 6551.64,
    "max": 7439.041
  },
  "compute_us": {
    "p50": 6800.84,
    "p90": 6920.5806,
    "p99": 7171.927729999999,
    "p99.9": 7268.415465000008,
    "p99.99": 7349.752546499995,
    "mean": 6787.251823,
    "std": 120.47938838022739,
    "min": 6539.217,
    "max": 7358.79
  },
  "release_jitter_us": {
    "p50": 49.731,
    "p90": 69.4015,
    "p99": 75.18893,
    "p99.9": 80.29632900000004,
    "p99.99": 80.59213289999998,
    "mean": 47.769151,
    "std": 17.385531928365005,
    "min": 12.423,
    "max": 80.625
  }
}