{
  "meta": {
    "label": "emc1701_cnn",
    "backend": "onnxruntime-cuda",
    "model": "mobilenetv2-12.onnx",
    "hz": 25.0,
    "period_us": 40000.0,
    "deadline_us": 40000.0,
    "iters": 1000,
    "warmup": 100,
    "cpu": 5,
    "prio": 80,
    "mlock": true,
    "host": "jetson-orin",
    "kernel": "5.15.185-tegra",
    "python": "3.10.12",
    "timestamp": "2026-06-11T00:50:47.577788+00:00",
    "rt_warnings": []
  },
  "deadline_miss_count": 0,
  "deadline_miss_rate": 0.0,
  "response_us": {
    "p50": 4736.2525,
    "p90": 4934.664900000001,
    "p99": 5291.15677,
    "p99.9": 5416.182422000007,
    "p99.99": 5488.489842199996,
    "mean": 4784.307074,
    "std": 123.13146779606149,
    "min": 4673.595,
    "max": 5496.524
  },
  "compute_us": {
    "p50": 4721.616,
    "p90": 4904.8361,
    "p99": 5228.744199999999,
    "p99.9": 5356.114114000005,
    "p99.99": 5415.557211399997,
    "mean": 4767.04878,
    "std": 114.54822344458076,
    "min": 4662.685,
    "max": 5422.162
  },
  "release_jitter_us": {
    "p50": 13.369,
    "p90": 27.9299,
    "p99": 57.19442999999999,
    "p99.9": 70.43992600000036,
    "p99.99": 73.9697925999998,
    "mean": 17.258294000000003,
    "std": 9.125871048922617,
    "min": 9.601,
    "max": 74.362
  }
}