{
  "meta": {
    "label": "emc204_cproxy",
    "backend": "onnxruntime-cuda",
    "model": "compute_proxy_fp16.onnx",
    "hz": 2.0,
    "period_us": 500000.0,
    "deadline_us": 500000.0,
    "iters": 200,
    "warmup": 50,
    "cpu": 5,
    "prio": 80,
    "mlock": true,
    "host": "jetson-orin",
    "kernel": "5.15.185-tegra",
    "python": "3.10.12",
    "timestamp": "2026-06-11T04:21:09.890453+00:00",
    "rt_warnings": []
  },
  "deadline_miss_count": 0,
  "deadline_miss_rate": 0.0,
  "response_us": {
    "p50": 121697.3875,
    "p90": 123601.1936,
    "p99": 126803.67555,
    "p99.9": 130028.15574300007,
    "p99.99": 130731.90107429997,
    "mean": 121369.88524,
    "std": 2330.344587133759,
    "min": 118786.812,
    "max": 130810.095
  },
  "compute_us": {
    "p50": 121513.0485,
    "p90": 123492.23109999999,
    "p99": 126621.27391,
    "p99.9": 129879.59481400007,
    "p99.99": 130574.07548139998,
    "mean": 121237.30230499999,
    "std": 2325.966134405629,
    "min": 118658.458,
    "max": 130651.24
  },
  "release_jitter_us": {
    "p50": 128.6035,
    "p90": 161.21329999999998,
    "p99": 201.5739899999999,
    "p99.9": 219.78420300000008,
    "p99.99": 220.82352029999996,
    "mean": 132.582935,
    "std": 22.899577153973283,
    "min": 74.414,
    "max": 220.939
  }
}