{
  "meta": {
    "label": "emc2133_cproxy",
    "backend": "onnxruntime-cuda",
    "model": "compute_proxy_fp16.onnx",
    "hz": 2.0,
    "period_us": 500000.0,
    "deadline_us": 500000.0,
    "iters": 200,
    "warmup": 50,
    "cpu": 5,
    "prio": 80,
    "mlock": true,
    "host": "jetson-orin",
    "kernel": "5.15.185-tegra",
    "python": "3.10.12",
    "timestamp": "2026-06-11T04:22:55.185394+00:00",
    "rt_warnings": []
  },
  "deadline_miss_count": 0,
  "deadline_miss_rate": 0.0,
  "response_us": {
    "p50": 13067.385999999999,
    "p90": 13149.5197,
    "p99": 13257.71263,
    "p99.9": 13293.063406000001,
    "p99.99": 13300.156840599999,
    "mean": 13077.560904999998,
    "std": 57.62056363335897,
    "min": 12940.79,
    "max": 13300.945
  },
  "compute_us": {
    "p50": 13036.248,
    "p90": 13109.2218,
    "p99": 13214.38907,
    "p99.9": 13243.302911,
    "p99.99": 13249.4121911,
    "mean": 13044.01088,
    "std": 52.21386260425102,
    "min": 12923.337,
    "max": 13250.091
  },
  "release_jitter_us": {
    "p50": 32.7845,
    "p90": 45.8244,
    "p99": 50.39563,
    "p99.9": 52.81004200000004,
    "p99.99": 53.247404199999984,
    "mean": 33.550025,
    "std": 7.243160403744694,
    "min": 17.453,
    "max": 53.296
  }
}