{
  "meta": {
    "label": "emc204_cnn",
    "backend": "onnxruntime-cuda",
    "model": "mobilenetv2-12.onnx",
    "hz": 25.0,
    "period_us": 40000.0,
    "deadline_us": 40000.0,
    "iters": 1000,
    "warmup": 100,
    "cpu": 5,
    "prio": 80,
    "mlock": true,
    "host": "jetson-orin",
    "kernel": "5.15.185-tegra",
    "python": "3.10.12",
    "timestamp": "2026-06-11T00:44:10.653941+00:00",
    "rt_warnings": []
  },
  "deadline_miss_count": 0,
  "deadline_miss_rate": 0.0,
  "response_us": {
    "p50": 22862.8085,
    "p90": 25084.4398,
    "p99": 27959.773949999995,
    "p99.9": 30747.666904000038,
    "p99.99": 31115.31249039998,
    "mean": 23432.121713,
    "std": 1327.783254100957,
    "min": 22184.348,
    "max": 31156.162
  },
  "compute_us": {
    "p50": 22845.5285,
    "p90": 25048.1449,
    "p99": 27804.28820999999,
    "p99.9": 30524.365035000035,
    "p99.99": 30888.53200349998,
    "mean": 23402.118966,
    "std": 1308.4219250122565,
    "min": 22166.711,
    "max": 30928.995
  },
  "release_jitter_us": {
    "p50": 21.811,
    "p90": 51.80530000000002,
    "p99": 151.05603999999997,
    "p99.9": 223.30186900000035,
    "p99.99": 226.78048689999983,
    "mean": 30.002747,
    "std": 24.621877035209785,
    "min": 10.661,
    "max": 227.167
  }
}