{
  "meta": {
    "label": "emc204_vit",
    "backend": "onnxruntime-cuda",
    "model": "vit_small_patch16_224.onnx",
    "hz": 2.0,
    "period_us": 500000.0,
    "deadline_us": 500000.0,
    "iters": 200,
    "warmup": 50,
    "cpu": 5,
    "prio": 80,
    "mlock": true,
    "host": "jetson-orin",
    "kernel": "5.15.185-tegra",
    "python": "3.10.12",
    "timestamp": "2026-06-11T04:14:46.509970+00:00",
    "rt_warnings": []
  },
  "deadline_miss_count": 0,
  "deadline_miss_rate": 0.0,
  "response_us": {
    "p50": 92178.4025,
    "p90": 94208.07389999999,
    "p99": 98343.91687,
    "p99.9": 100176.78958600003,
    "p99.99": 100513.10105859999,
    "mean": 92664.17811,
    "std": 1452.047986546377,
    "min": 91215.384,
    "max": 100550.469
  },
  "compute_us": {
    "p50": 92079.328,
    "p90": 94025.6726,
    "p99": 98201.27829,
    "p99.9": 100099.80213600003,
    "p99.99": 100452.51021359998,
    "mean": 92561.82070999999,
    "std": 1431.6638168073875,
    "min": 91172.934,
    "max": 100491.7
  },
  "release_jitter_us": {
    "p50": 97.1285,
    "p90": 172.94029999999998,
    "p99": 281.38146999999987,
    "p99.9": 300.636916,
    "p99.99": 300.83679159999997,
    "mean": 102.35740000000001,
    "std": 52.12136927911622,
    "min": 38.351,
    "max": 300.859
  }
}