{
  "meta": {
    "label": "emc204_proxy",
    "backend": "onnxruntime-cuda",
    "model": "decode_proxy_fp16.onnx",
    "hz": 3.0,
    "period_us": 333333.333,
    "deadline_us": 333333.333,
    "iters": 1000,
    "warmup": 100,
    "cpu": 5,
    "prio": 80,
    "mlock": true,
    "host": "jetson-orin",
    "kernel": "5.15.185-tegra",
    "python": "3.10.12",
    "timestamp": "2026-06-11T00:50:00.773921+00:00",
    "rt_warnings": []
  },
  "deadline_miss_count": 0,
  "deadline_miss_rate": 0.0,
  "response_us": {
    "p50": 71399.12299999999,
    "p90": 75703.4409,
    "p99": 80577.42593999999,
    "p99.9": 84362.53107100014,
    "p99.99": 85704.95120709992,
    "mean": 72043.090923,
    "std": 2574.7187319996297,
    "min": 68645.675,
    "max": 85854.109
  },
  "compute_us": {
    "p50": 71205.0265,
    "p90": 75511.7383,
    "p99": 80218.34464,
    "p99.9": 83950.31507300015,
    "p99.99": 85345.78390729992,
    "mean": 71883.846809,
    "std": 2522.973409938819,
    "min": 68622.333,
    "max": 85500.836
  },
  "release_jitter_us": {
    "p50": 141.25799999999998,
    "p90": 287.5111,
    "p99": 325.42769999999996,
    "p99.9": 387.32797200000226,
    "p99.99": 409.7802971999988,
    "mean": 159.244114,
    "std": 85.5089965354699,
    "min": 18.394,
    "max": 412.275
  }
}