{
  "meta": {
    "label": "emc204_cproxy",
    "backend": "onnxruntime-cuda",
    "model": "compute_proxy_fp16.onnx",
    "hz": 2.0,
    "period_us": 500000.0,
    "deadline_us": 500000.0,
    "iters": 200,
    "warmup": 50,
    "cpu": 5,
    "prio": 80,
    "mlock": true,
    "host": "jetson-orin",
    "kernel": "5.15.185-tegra",
    "python": "3.10.12",
    "timestamp": "2026-06-11T04:29:02.317782+00:00",
    "rt_warnings": []
  },
  "deadline_miss_count": 0,
  "deadline_miss_rate": 0.0,
  "response_us": {
    "p50": 142114.1115,
    "p90": 144635.25819999998,
    "p99": 146811.98463,
    "p99.9": 148862.30415900002,
    "p99.99": 149069.1573159,
    "mean": 142173.86192499998,
    "std": 1701.5447806018913,
    "min": 139946.421,
    "max": 149092.141
  },
  "compute_us": {
    "p50": 142000.661,
    "p90": 144590.7806,
    "p99": 146615.54206999997,
    "p99.9": 148754.873075,
    "p99.99": 148969.09010749997,
    "mean": 142069.965325,
    "std": 1688.1454369971736,
    "min": 139894.858,
    "max": 148992.892
  },
  "release_jitter_us": {
    "p50": 100.0375,
    "p90": 155.6899,
    "p99": 216.79249,
    "p99.9": 289.3360990000014,
    "p99.99": 305.2579098999994,
    "mean": 103.89659999999999,
    "std": 45.14801533456371,
    "min": 37.985,
    "max": 307.027
  }
}