{
  "meta": {
    "label": "emc2133_vit",
    "backend": "onnxruntime-cuda",
    "model": "vit_small_patch16_224.onnx",
    "hz": 2.0,
    "period_us": 500000.0,
    "deadline_us": 500000.0,
    "iters": 200,
    "warmup": 50,
    "cpu": 5,
    "prio": 80,
    "mlock": true,
    "host": "jetson-orin",
    "kernel": "5.15.185-tegra",
    "python": "3.10.12",
    "timestamp": "2026-06-11T04:16:32.417097+00:00",
    "rt_warnings": []
  },
  "deadline_miss_count": 0,
  "deadline_miss_rate": 0.0,
  "response_us": {
    "p50": 13758.841,
    "p90": 13889.968200000001,
    "p99": 13996.12729,
    "p99.9": 14049.25915,
    "p99.99": 14057.524614999998,
    "mean": 13742.932204999997,
    "std": 111.49269277362066,
    "min": 13345.285,
    "max": 14058.443
  },
  "compute_us": {
    "p50": 13722.129,
    "p90": 13845.676300000001,
    "p99": 13948.67265,
    "p99.9": 14000.075817,
    "p99.99": 14009.606981699999,
    "mean": 13709.815255,
    "std": 104.02448201034204,
    "min": 13331.672,
    "max": 14010.666
  },
  "release_jitter_us": {
    "p50": 34.039,
    "p90": 44.0377,
    "p99": 50.015769999999996,
    "p99.9": 53.957455000000074,
    "p99.99": 54.75534549999997,
    "mean": 33.11695,
    "std": 8.212090343968459,
    "min": 13.613,
    "max": 54.844
  }
}