{
  "meta": {
    "label": "emc2133_cproxy",
    "backend": "onnxruntime-cuda",
    "model": "compute_proxy_fp16.onnx",
    "hz": 2.0,
    "period_us": 500000.0,
    "deadline_us": 500000.0,
    "iters": 200,
    "warmup": 50,
    "cpu": 5,
    "prio": 80,
    "mlock": true,
    "host": "jetson-orin",
    "kernel": "5.15.185-tegra",
    "python": "3.10.12",
    "timestamp": "2026-06-11T04:30:47.649667+00:00",
    "rt_warnings": []
  },
  "deadline_miss_count": 0,
  "deadline_miss_rate": 0.0,
  "response_us": {
    "p50": 16919.0775,
    "p90": 16984.7582,
    "p99": 17252.755409999998,
    "p99.9": 17313.692115,
    "p99.99": 17316.0410115,
    "mean": 16923.30064,
    "std": 77.03239665647443,
    "min": 16682.367,
    "max": 17316.302
  },
  "compute_us": {
    "p50": 16888.2355,
    "p90": 16952.323,
    "p99": 17219.1,
    "p99.9": 17276.913741,
    "p99.99": 17279.7687741,
    "mean": 16893.598445,
    "std": 73.71759932015556,
    "min": 16668.609,
    "max": 17280.086
  },
  "release_jitter_us": {
    "p50": 29.712,
    "p90": 35.602399999999996,
    "p99": 40.51575999999999,
    "p99.9": 42.18928300000002,
    "p99.99": 42.3474283,
    "mean": 29.702195000000003,
    "std": 4.670232681245657,
    "min": 13.758,
    "max": 42.365
  }
}