{
  "meta": {
    "label": "emc3199_vit",
    "backend": "onnxruntime-cuda",
    "model": "vit_small_patch16_224.onnx",
    "hz": 2.0,
    "period_us": 500000.0,
    "deadline_us": 500000.0,
    "iters": 200,
    "warmup": 50,
    "cpu": 5,
    "prio": 80,
    "mlock": true,
    "host": "jetson-orin",
    "kernel": "5.15.185-tegra",
    "python": "3.10.12",
    "timestamp": "2026-06-11T04:18:17.494538+00:00",
    "rt_warnings": []
  },
  "deadline_miss_count": 0,
  "deadline_miss_rate": 0.0,
  "response_us": {
    "p50": 11644.7045,
    "p90": 11726.3469,
    "p99": 11826.97371,
    "p99.9": 11906.334936000003,
    "p99.99": 11923.7319936,
    "mean": 11639.513450000002,
    "std": 75.17065813432463,
    "min": 11353.58,
    "max": 11925.665
  },
  "compute_us": {
    "p50": 11614.3575,
    "p90": 11694.5552,
    "p99": 11787.695790000002,
    "p99.9": 11854.970196000002,
    "p99.99": 11869.9064196,
    "mean": 11611.2041,
    "std": 70.7401767690752,
    "min": 11338.559,
    "max": 11871.566
  },
  "release_jitter_us": {
    "p50": 28.240000000000002,
    "p90": 34.220200000000006,
    "p99": 40.494929999999954,
    "p99.9": 52.41486300000013,
    "p99.99": 53.93058629999994,
    "mean": 28.30935,
    "std": 5.318224329369719,
    "min": 15.021,
    "max": 54.099
  }
}