{
  "meta": {
    "label": "emc3199_cproxy",
    "backend": "onnxruntime-cuda",
    "model": "compute_proxy_fp16.onnx",
    "hz": 2.0,
    "period_us": 500000.0,
    "deadline_us": 500000.0,
    "iters": 200,
    "warmup": 50,
    "cpu": 5,
    "prio": 80,
    "mlock": true,
    "host": "jetson-orin",
    "kernel": "5.15.185-tegra",
    "python": "3.10.12",
    "timestamp": "2026-06-11T04:24:39.813830+00:00",
    "rt_warnings": []
  },
  "deadline_miss_count": 0,
  "deadline_miss_rate": 0.0,
  "response_us": {
    "p50": 11094.641,
    "p90": 11150.0933,
    "p99": 11196.417899999999,
    "p99.9": 11235.010395,
    "p99.99": 11240.4541395,
    "mean": 11091.507105,
    "std": 57.050291888858716,
    "min": 10829.719,
    "max": 11241.059
  },
  "compute_us": {
    "p50": 11058.178,
    "p90": 11104.4529,
    "p99": 11146.28554,
    "p99.9": 11190.965257,
    "p99.99": 11197.888725699999,
    "mean": 11052.511715000002,
    "std": 53.61918118028076,
    "min": 10792.406,
    "max": 11198.658
  },
  "release_jitter_us": {
    "p50": 38.7025,
    "p90": 47.1887,
    "p99": 50.729459999999996,
    "p99.9": 51.203841000000004,
    "p99.99": 51.211184100000004,
    "mean": 38.99539,
    "std": 5.52999565441963,
    "min": 18.227,
    "max": 51.212
  }
}