{
  "meta": {
    "label": "emc3199_cnn",
    "backend": "onnxruntime-cuda",
    "model": "mobilenetv2-12.onnx",
    "hz": 25.0,
    "period_us": 40000.0,
    "deadline_us": 40000.0,
    "iters": 1000,
    "warmup": 100,
    "cpu": 5,
    "prio": 80,
    "mlock": true,
    "host": "jetson-orin",
    "kernel": "5.15.185-tegra",
    "python": "3.10.12",
    "timestamp": "2026-06-11T00:57:13.677104+00:00",
    "rt_warnings": []
  },
  "deadline_miss_count": 0,
  "deadline_miss_rate": 0.0,
  "response_us": {
    "p50": 4254.690500000001,
    "p90": 4412.3665,
    "p99": 4677.19266,
    "p99.9": 4753.59333,
    "p99.99": 4754.789132999999,
    "mean": 4292.680824,
    "std": 95.59376398348913,
    "min": 4213.467,
    "max": 4754.922
  },
  "compute_us": {
    "p50": 4240.514,
    "p90": 4387.5333,
    "p99": 4619.45072,
    "p99.9": 4691.620696,
    "p99.99": 4696.7419696,
    "mean": 4276.4032990000005,
    "std": 87.65116854483799,
    "min": 4204.273,
    "max": 4697.311
  },
  "release_jitter_us": {
    "p50": 12.879000000000001,
    "p90": 25.368100000000002,
    "p99": 50.41859,
    "p99.9": 59.306673000000245,
    "p99.99": 61.70996729999987,
    "mean": 16.277525,
    "std": 8.278479988462555,
    "min": 9.138,
    "max": 61.977
  }
}