{
  "meta": {
    "label": "emc3199_proxy",
    "backend": "onnxruntime-cuda",
    "model": "decode_proxy_fp16.onnx",
    "hz": 3.0,
    "period_us": 333333.333,
    "deadline_us": 333333.333,
    "iters": 1000,
    "warmup": 100,
    "cpu": 5,
    "prio": 80,
    "mlock": true,
    "host": "jetson-orin",
    "kernel": "5.15.185-tegra",
    "python": "3.10.12",
    "timestamp": "2026-06-11T01:02:53.188989+00:00",
    "rt_warnings": []
  },
  "deadline_miss_count": 0,
  "deadline_miss_rate": 0.0,
  "response_us": {
    "p50": 4621.972,
    "p90": 4797.7932,
    "p99": 4880.326950000001,
    "p99.9": 4968.535203000012,
    "p99.99": 5090.096220299994,
    "mean": 4648.371576,
    "std": 89.88125828114683,
    "min": 4529.521,
    "max": 5103.603
  },
  "compute_us": {
    "p50": 4596.732,
    "p90": 4746.255999999999,
    "p99": 4828.29029,
    "p99.9": 4918.633956000012,
    "p99.99": 5039.073795599994,
    "mean": 4619.8015319999995,
    "std": 78.87171917148108,
    "min": 4515.706,
    "max": 5052.456
  },
  "release_jitter_us": {
    "p50": 25.23,
    "p90": 49.1816,
    "p99": 57.30874,
    "p99.9": 60.864310000000025,
    "p99.99": 61.143030999999986,
    "mean": 28.570044000000003,
    "std": 11.918040677228117,
    "min": 9.655,
    "max": 61.174
  }
}