{
  "meta": {
    "label": "emc3199_cproxy",
    "backend": "onnxruntime-cuda",
    "model": "compute_proxy_fp16.onnx",
    "hz": 2.0,
    "period_us": 500000.0,
    "deadline_us": 500000.0,
    "iters": 200,
    "warmup": 50,
    "cpu": 5,
    "prio": 80,
    "mlock": true,
    "host": "jetson-orin",
    "kernel": "5.15.185-tegra",
    "python": "3.10.12",
    "timestamp": "2026-06-11T04:32:32.481275+00:00",
    "rt_warnings": []
  },
  "deadline_miss_count": 0,
  "deadline_miss_rate": 0.0,
  "response_us": {
    "p50": 18775.196,
    "p90": 18973.9283,
    "p99": 19023.09942,
    "p99.9": 19149.961269000003,
    "p99.99": 19176.480426899998,
    "mean": 18792.57768,
    "std": 127.27685526963495,
    "min": 18596.329,
    "max": 19179.427
  },
  "compute_us": {
    "p50": 18737.9675,
    "p90": 18945.952400000002,
    "p99": 18994.08977,
    "p99.9": 19097.283563,
    "p99.99": 19119.521156299998,
    "mean": 18765.904010000002,
    "std": 125.72512413431886,
    "min": 18575.162,
    "max": 19121.992
  },
  "release_jitter_us": {
    "p50": 25.852,
    "p90": 33.5038,
    "p99": 37.52279999999992,
    "p99.9": 55.320426000000175,
    "p99.99": 57.22354259999993,
    "mean": 26.67367,
    "std": 5.365017370065077,
    "min": 12.191,
    "max": 57.435
  }
}